record_id,craft_cluster,state,craft_category,material,production_days,artisan_experience_years,raw_material_cost_inr,daily_wage_rate_inr,labor_cost_inr,cost_floor_inr,fair_trade_price_inr,gi_tagged,dye_type,seasonal_quarter,festive_multiplier,market_clearing_price_inr,demand_score,units_sold_monthly,buyer_rating
KS-CRAFT-0001,Banarasi Brocade,Uttar Pradesh,Textiles,Mulberry Silk & Zari,16,17,3382.63,620.0,9920.0,13302.63,16628.29,1,Metallic Zari & Organic Dip,Q1 (Jan-Mar),1.1,23454.25,95.1,17,4.86
KS-CRAFT-0002,Pochampally Ikat,Telangana,Textiles,Pure Handloom Silk,6,4,1804.92,680.0,4080.0,5884.92,7356.15,1,Vegetable Dye Blend,Q1 (Jan-Mar),1.1,9321.21,91.2,22,4.65
KS-CRAFT-0003,Mithila Madhubani,Bihar,Folk Painting,Handmade Recycled Paper & Canvas,4,16,550.08,520.0,2080.0,2630.08,3287.6,0,Organic Mineral Pigments,Q4 (Oct-Dec),1.45,4995.07,100.0,20,4.64
KS-CRAFT-0004,Channapatna Lacquerware,Karnataka,Woodcraft,Seasoned Hale Wood & Vegetable Lac,4,27,625.36,650.0,2600.0,3225.36,4031.7,1,Natural Vegetable Resins,Q1 (Jan-Mar),1.1,6037.18,91.6,23,4.79
KS-CRAFT-0005,Banarasi Brocade,Uttar Pradesh,Textiles,Mulberry Silk & Zari,15,21,3179.96,620.0,9300.0,12479.96,15599.95,0,Metallic Zari & Organic Dip,Q1 (Jan-Mar),1.1,19846.27,76.9,16,4.96
KS-CRAFT-0006,Mithila Madhubani,Bihar,Folk Painting,Handmade Recycled Paper & Canvas,4,20,488.56,520.0,2080.0,2568.56,3210.7,1,Natural Plant Extracts (Haldi/Neel),Q3 (Jul-Sep),1.15,4768.45,89.8,21,4.59
KS-CRAFT-0007,Jaipur Blue Pottery,Rajasthan,Pottery,"Quartz Powder, Fuller's Earth & Glass",6,23,702.56,580.0,3480.0,4182.56,5228.2,1,Cobalt Oxide Blue Glaze,Q3 (Jul-Sep),1.15,7577.64,88.0,18,4.52
KS-CRAFT-0008,Dhokra Metal Casting,Chhattisgarh,Metalwork,Lost-Wax Brass & Bell Metal,7,28,2145.33,540.0,3780.0,5925.33,7406.66,1,Oxidized Brass Finish,Q3 (Jul-Sep),1.15,10879.52,89.4,21,4.58
KS-CRAFT-0009,Kashmiri Pashmina,Jammu & Kashmir,Textiles,Grade-A Changthangi Cashmere,25,17,8294.3,750.0,18750.0,27044.3,33805.38,0,Walnut Hull & Saffron Tint,Q4 (Oct-Dec),1.45,53766.82,97.7,17,4.83
KS-CRAFT-0010,Mithila Madhubani,Bihar,Folk Painting,Handmade Recycled Paper & Canvas,6,27,357.17,520.0,3120.0,3477.17,4346.46,1,Organic Mineral Pigments,Q4 (Oct-Dec),1.45,8332.38,100.0,25,4.55
KS-CRAFT-0011,Banarasi Brocade,Uttar Pradesh,Textiles,Mulberry Silk & Zari,15,21,3662.75,620.0,9300.0,12962.75,16203.44,1,Vegetable Dye Blend,Q3 (Jul-Sep),1.15,22739.62,97.0,23,4.99
KS-CRAFT-0012,Mithila Madhubani,Bihar,Folk Painting,Handmade Recycled Paper & Canvas,7,35,568.6,520.0,3640.0,4208.6,5260.75,1,Natural Plant Extracts (Haldi/Neel),Q1 (Jan-Mar),1.1,7799.05,85.7,22,4.78
KS-CRAFT-0013,Pochampally Ikat,Telangana,Textiles,Pure Handloom Silk,10,26,1250.64,680.0,6800.0,8050.64,10063.3,1,Vegetable Dye Blend,Q3 (Jul-Sep),1.15,14797.4,90.7,20,4.67
KS-CRAFT-0014,Kullu Geometric Shawls,Himachal Pradesh,Textiles,Indigenous Himalayan Sheep Wool,9,11,1758.87,560.0,5040.0,6798.87,8498.59,1,Vegetable Dye Borders,Q1 (Jan-Mar),1.1,11962.24,85.7,19,4.8
KS-CRAFT-0015,Dhokra Metal Casting,Chhattisgarh,Metalwork,Lost-Wax Brass & Bell Metal,8,26,1658.09,540.0,4320.0,5978.09,7472.61,1,Oxidized Brass Finish,Q2 (Apr-Jun),0.95,8967.75,74.4,15,4.6
KS-CRAFT-0016,Dhokra Metal Casting,Chhattisgarh,Metalwork,Lost-Wax Brass & Bell Metal,4,6,1034.89,540.0,2160.0,3194.89,3993.61,1,Natural Beeswax Patina,Q2 (Apr-Jun),0.95,4700.47,72.4,14,4.62
KS-CRAFT-0017,Dhokra Metal Casting,Chhattisgarh,Metalwork,Lost-Wax Brass & Bell Metal,11,33,1361.69,540.0,5940.0,7301.69,9127.11,1,Natural Beeswax Patina,Q2 (Apr-Jun),0.95,11261.55,80.0,16,4.55
KS-CRAFT-0018,Pochampally Ikat,Telangana,Textiles,Pure Handloom Silk,3,24,2246.82,680.0,2040.0,4286.82,5358.52,1,Natural Indigo/Madder,Q1 (Jan-Mar),1.1,7477.05,86.0,18,4.76
KS-CRAFT-0019,Channapatna Lacquerware,Karnataka,Woodcraft,Seasoned Hale Wood & Vegetable Lac,2,7,862.14,650.0,1300.0,2162.14,2702.67,1,Organic Turmeric & Indigo Lacquer,Q4 (Oct-Dec),1.45,4501.46,100.0,25,4.89
KS-CRAFT-0020,Dhokra Metal Casting,Chhattisgarh,Metalwork,Lost-Wax Brass & Bell Metal,10,16,1822.72,540.0,5400.0,7222.72,9028.4,1,Natural Beeswax Patina,Q2 (Apr-Jun),0.95,10401.89,71.5,15,4.68
KS-CRAFT-0021,Kullu Geometric Shawls,Himachal Pradesh,Textiles,Indigenous Himalayan Sheep Wool,6,38,2053.86,560.0,3360.0,5413.86,6767.32,1,Vegetable Dye Borders,Q3 (Jul-Sep),1.15,10389.09,91.4,24,4.79
KS-CRAFT-0022,Bastar Wrought Iron,Chhattisgarh,Metalwork,Hand-Forged Recycled Iron,7,6,744.97,540.0,3780.0,4524.97,5656.21,1,Charcoal Forge Oxidation,Q1 (Jan-Mar),1.1,7116.89,90.2,22,4.47
KS-CRAFT-0023,Banarasi Brocade,Uttar Pradesh,Textiles,Mulberry Silk & Zari,11,18,2715.51,620.0,6820.0,9535.51,11919.39,1,Metallic Zari & Organic Dip,Q2 (Apr-Jun),0.95,14505.3,76.9,17,4.88
KS-CRAFT-0024,Channapatna Lacquerware,Karnataka,Woodcraft,Seasoned Hale Wood & Vegetable Lac,3,28,417.08,650.0,1950.0,2367.08,2958.85,1,Natural Vegetable Resins,Q2 (Apr-Jun),0.95,3706.19,83.6,21,4.65
KS-CRAFT-0025,Kashmiri Pashmina,Jammu & Kashmir,Textiles,Grade-A Changthangi Cashmere,9,35,9607.53,750.0,6750.0,16357.53,20446.91,1,Pure Natural Cashmere,Q1 (Jan-Mar),1.1,31853.21,95.0,20,4.84
KS-CRAFT-0026,Bastar Wrought Iron,Chhattisgarh,Metalwork,Hand-Forged Recycled Iron,6,36,1482.24,540.0,3240.0,4722.24,5902.8,1,Black Oxide Patina,Q3 (Jul-Sep),1.15,9701.45,88.9,22,4.52
KS-CRAFT-0027,Banarasi Brocade,Uttar Pradesh,Textiles,Mulberry Silk & Zari,9,16,3411.55,620.0,5580.0,8991.55,11239.44,1,Metallic Zari & Organic Dip,Q2 (Apr-Jun),0.95,13642.68,82.6,18,4.81
KS-CRAFT-0028,Pochampally Ikat,Telangana,Textiles,Pure Handloom Silk,9,5,3356.31,680.0,6120.0,9476.31,11845.39,1,Natural Indigo/Madder,Q1 (Jan-Mar),1.1,15723.21,87.0,21,4.79
KS-CRAFT-0029,Jaipur Blue Pottery,Rajasthan,Pottery,"Quartz Powder, Fuller's Earth & Glass",2,12,536.53,580.0,1160.0,1696.53,2120.66,1,Copper Oxide Green Glaze,Q1 (Jan-Mar),1.1,2895.49,85.5,16,4.53
KS-CRAFT-0030,Pochampally Ikat,Telangana,Textiles,Pure Handloom Silk,6,9,2973.37,680.0,4080.0,7053.37,8816.71,1,Vegetable Dye Blend,Q3 (Jul-Sep),1.15,12884.01,97.3,25,4.71
KS-CRAFT-0031,Mithila Madhubani,Bihar,Folk Painting,Handmade Recycled Paper & Canvas,5,24,322.31,520.0,2600.0,2922.31,3652.89,1,Organic Mineral Pigments,Q2 (Apr-Jun),0.95,4649.46,82.7,20,4.62
KS-CRAFT-0032,Banarasi Brocade,Uttar Pradesh,Textiles,Mulberry Silk & Zari,5,17,5891.95,620.0,3100.0,8991.95,11239.94,1,Vegetable Dye Blend,Q4 (Oct-Dec),1.45,20233.35,100.0,25,4.81
KS-CRAFT-0033,Dhokra Metal Casting,Chhattisgarh,Metalwork,Lost-Wax Brass & Bell Metal,9,7,1429.35,540.0,4860.0,6289.35,7861.69,0,Oxidized Brass Finish,Q4 (Oct-Dec),1.45,11740.79,100.0,23,4.66
KS-CRAFT-0034,Ajrakh Handblock Print,Gujarat,Textiles,Organic Modal Cotton,3,19,1915.56,600.0,1800.0,3715.56,4644.45,1,Pomegranate Rind Extract,Q1 (Jan-Mar),1.1,6200.65,91.3,19,4.75
KS-CRAFT-0035,Jaipur Blue Pottery,Rajasthan,Pottery,"Quartz Powder, Fuller's Earth & Glass",5,15,1484.43,580.0,2900.0,4384.43,5480.54,1,Copper Oxide Green Glaze,Q1 (Jan-Mar),1.1,7156.0,95.6,21,4.63
KS-CRAFT-0036,Dhokra Metal Casting,Chhattisgarh,Metalwork,Lost-Wax Brass & Bell Metal,10,24,1032.95,540.0,5400.0,6432.95,8041.19,1,Natural Beeswax Patina,Q3 (Jul-Sep),1.15,12291.46,91.5,18,4.55
KS-CRAFT-0037,Jaipur Blue Pottery,Rajasthan,Pottery,"Quartz Powder, Fuller's Earth & Glass",6,29,596.38,580.0,3480.0,4076.38,5095.48,1,Copper Oxide Green Glaze,Q3 (Jul-Sep),1.15,7929.87,99.3,23,4.53
KS-CRAFT-0038,Bastar Wrought Iron,Chhattisgarh,Metalwork,Hand-Forged Recycled Iron,4,30,715.61,540.0,2160.0,2875.61,3594.51,1,Black Oxide Patina,Q1 (Jan-Mar),1.1,5263.1,89.3,17,4.57
KS-CRAFT-0039,Mithila Madhubani,Bihar,Folk Painting,Handmade Recycled Paper & Canvas,4,24,763.91,520.0,2080.0,2843.91,3554.89,1,Natural Plant Extracts (Haldi/Neel),Q1 (Jan-Mar),1.1,5173.96,86.5,16,4.56
KS-CRAFT-0040,Dhokra Metal Casting,Chhattisgarh,Metalwork,Lost-Wax Brass & Bell Metal,5,15,1765.29,540.0,2700.0,4465.29,5581.61,1,Oxidized Brass Finish,Q4 (Oct-Dec),1.45,10099.81,100.0,23,4.45
KS-CRAFT-0041,Banarasi Brocade,Uttar Pradesh,Textiles,Mulberry Silk & Zari,8,36,2956.31,620.0,4960.0,7916.31,9895.39,1,Metallic Zari & Organic Dip,Q4 (Oct-Dec),1.45,20478.21,100.0,18,4.87
KS-CRAFT-0042,Bastar Wrought Iron,Chhattisgarh,Metalwork,Hand-Forged Recycled Iron,5,35,1073.92,540.0,2700.0,3773.92,4717.4,1,Black Oxide Patina,Q3 (Jul-Sep),1.15,7695.03,97.2,21,4.51
KS-CRAFT-0043,Dhokra Metal Casting,Chhattisgarh,Metalwork,Lost-Wax Brass & Bell Metal,12,18,1820.73,540.0,6480.0,8300.73,10375.91,1,Natural Beeswax Patina,Q3 (Jul-Sep),1.15,15426.11,90.6,18,4.67
KS-CRAFT-0044,Banarasi Brocade,Uttar Pradesh,Textiles,Mulberry Silk & Zari,7,12,3194.42,620.0,4340.0,7534.42,9418.02,1,Metallic Zari & Organic Dip,Q2 (Apr-Jun),0.95,10922.75,75.8,16,4.77
KS-CRAFT-0045,Jaipur Blue Pottery,Rajasthan,Pottery,"Quartz Powder, Fuller's Earth & Glass",6,4,1537.97,580.0,3480.0,5017.97,6272.46,1,Copper Oxide Green Glaze,Q4 (Oct-Dec),1.45,10750.64,100.0,20,4.55
KS-CRAFT-0046,Jaipur Blue Pottery,Rajasthan,Pottery,"Quartz Powder, Fuller's Earth & Glass",5,30,702.33,580.0,2900.0,3602.33,4502.91,1,Copper Oxide Green Glaze,Q2 (Apr-Jun),0.95,5621.21,80.3,17,4.49
KS-CRAFT-0047,Kullu Geometric Shawls,Himachal Pradesh,Textiles,Indigenous Himalayan Sheep Wool,7,28,1761.42,560.0,3920.0,5681.42,7101.77,1,Natural Unbleached Wool Hues,Q2 (Apr-Jun),0.95,8565.35,77.0,19,4.7
KS-CRAFT-0048,Channapatna Lacquerware,Karnataka,Woodcraft,Seasoned Hale Wood & Vegetable Lac,3,23,398.16,650.0,1950.0,2348.16,2935.2,1,Natural Vegetable Resins,Q4 (Oct-Dec),1.45,5390.87,100.0,21,4.86
KS-CRAFT-0049,Kullu Geometric Shawls,Himachal Pradesh,Textiles,Indigenous Himalayan Sheep Wool,8,25,1770.95,560.0,4480.0,6250.95,7813.69,1,Natural Unbleached Wool Hues,Q1 (Jan-Mar),1.1,11543.78,92.0,22,4.89
KS-CRAFT-0050,Dhokra Metal Casting,Chhattisgarh,Metalwork,Lost-Wax Brass & Bell Metal,6,33,1353.24,540.0,3240.0,4593.24,5741.55,1,Natural Beeswax Patina,Q1 (Jan-Mar),1.1,8516.49,86.9,18,4.6
KS-CRAFT-0051,Banarasi Brocade,Uttar Pradesh,Textiles,Mulberry Silk & Zari,9,4,2664.82,620.0,5580.0,8244.82,10306.02,0,Vegetable Dye Blend,Q2 (Apr-Jun),0.95,9983.19,70.8,13,4.92
KS-CRAFT-0052,Dhokra Metal Casting,Chhattisgarh,Metalwork,Lost-Wax Brass & Bell Metal,8,10,2515.56,540.0,4320.0,6835.56,8544.45,1,Natural Beeswax Patina,Q1 (Jan-Mar),1.1,11289.25,89.1,18,4.58
KS-CRAFT-0053,Ajrakh Handblock Print,Gujarat,Textiles,Organic Modal Cotton,6,9,1833.5,600.0,3600.0,5433.5,6791.88,1,Pomegranate Rind Extract,Q1 (Jan-Mar),1.1,9189.87,94.3,22,4.66
KS-CRAFT-0054,Bastar Wrought Iron,Chhattisgarh,Metalwork,Hand-Forged Recycled Iron,6,37,1289.02,540.0,3240.0,4529.02,5661.28,1,Black Oxide Patina,Q3 (Jul-Sep),1.15,8903.71,97.1,19,4.66
KS-CRAFT-0055,Banarasi Brocade,Uttar Pradesh,Textiles,Mulberry Silk & Zari,12,32,3248.61,620.0,7440.0,10688.61,13360.76,1,Vegetable Dye Blend,Q3 (Jul-Sep),1.15,20366.38,94.0,19,4.87
KS-CRAFT-0056,Ajrakh Handblock Print,Gujarat,Textiles,Organic Modal Cotton,5,20,1019.49,600.0,3000.0,4019.49,5024.36,1,16-Stage Natural Indigo & Madder,Q3 (Jul-Sep),1.15,7079.4,96.9,21,4.74
KS-CRAFT-0057,Kullu Geometric Shawls,Himachal Pradesh,Textiles,Indigenous Himalayan Sheep Wool,6,8,2227.28,560.0,3360.0,5587.28,6984.1,1,Vegetable Dye Borders,Q4 (Oct-Dec),1.45,12465.23,100.0,22,4.77
KS-CRAFT-0058,Bastar Wrought Iron,Chhattisgarh,Metalwork,Hand-Forged Recycled Iron,5,38,1496.29,540.0,2700.0,4196.29,5245.36,1,Black Oxide Patina,Q3 (Jul-Sep),1.15,8148.46,90.8,17,4.5
KS-CRAFT-0059,Banarasi Brocade,Uttar Pradesh,Textiles,Mulberry Silk & Zari,8,33,3130.45,620.0,4960.0,8090.45,10113.06,1,Vegetable Dye Blend,Q2 (Apr-Jun),0.95,13618.73,82.3,16,4.84
KS-CRAFT-0060,Channapatna Lacquerware,Karnataka,Woodcraft,Seasoned Hale Wood & Vegetable Lac,5,5,338.61,650.0,3250.0,3588.61,4485.76,0,Natural Vegetable Resins,Q1 (Jan-Mar),1.1,5208.12,73.6,18,4.77
KS-CRAFT-0061,Pochampally Ikat,Telangana,Textiles,Pure Handloom Silk,10,24,2444.66,680.0,6800.0,9244.66,11555.83,1,Natural Indigo/Madder,Q3 (Jul-Sep),1.15,16863.99,98.8,18,4.67
KS-CRAFT-0062,Kullu Geometric Shawls,Himachal Pradesh,Textiles,Indigenous Himalayan Sheep Wool,7,6,1933.0,560.0,3920.0,5853.0,7316.25,1,Vegetable Dye Borders,Q1 (Jan-Mar),1.1,9232.6,86.8,19,4.75
KS-CRAFT-0063,Kashmiri Pashmina,Jammu & Kashmir,Textiles,Grade-A Changthangi Cashmere,23,31,8113.59,750.0,17250.0,25363.59,31704.49,1,Pure Natural Cashmere,Q2 (Apr-Jun),0.95,39627.38,79.5,18,4.99
KS-CRAFT-0064,Dhokra Metal Casting,Chhattisgarh,Metalwork,Lost-Wax Brass & Bell Metal,8,13,2154.81,540.0,4320.0,6474.81,8093.51,1,Natural Beeswax Patina,Q2 (Apr-Jun),0.95,9187.63,76.8,18,4.57
KS-CRAFT-0065,Pochampally Ikat,Telangana,Textiles,Pure Handloom Silk,7,32,3038.09,680.0,4760.0,7798.09,9747.61,1,Natural Indigo/Madder,Q2 (Apr-Jun),0.95,13000.34,81.7,19,4.82
KS-CRAFT-0066,Dhokra Metal Casting,Chhattisgarh,Metalwork,Lost-Wax Brass & Bell Metal,5,12,1934.67,540.0,2700.0,4634.67,5793.34,1,Natural Beeswax Patina,Q4 (Oct-Dec),1.45,9903.54,100.0,20,4.64
KS-CRAFT-0067,Kashmiri Pashmina,Jammu & Kashmir,Textiles,Grade-A Changthangi Cashmere,21,22,5681.36,750.0,15750.0,21431.36,26789.2,1,Pure Natural Cashmere,Q3 (Jul-Sep),1.15,39720.99,94.0,17,4.81
KS-CRAFT-0068,Jaipur Blue Pottery,Rajasthan,Pottery,"Quartz Powder, Fuller's Earth & Glass",6,8,737.92,580.0,3480.0,4217.92,5272.4,1,Cobalt Oxide Blue Glaze,Q3 (Jul-Sep),1.15,7686.45,96.3,19,4.46
KS-CRAFT-0069,Mithila Madhubani,Bihar,Folk Painting,Handmade Recycled Paper & Canvas,6,20,886.36,520.0,3120.0,4006.36,5007.95,1,Organic Mineral Pigments,Q4 (Oct-Dec),1.45,9401.5,100.0,18,4.64
KS-CRAFT-0070,Ajrakh Handblock Print,Gujarat,Textiles,Organic Modal Cotton,8,13,756.9,600.0,4800.0,5556.9,6946.12,1,Pomegranate Rind Extract,Q3 (Jul-Sep),1.15,9673.99,99.9,24,4.69
KS-CRAFT-0071,Kullu Geometric Shawls,Himachal Pradesh,Textiles,Indigenous Himalayan Sheep Wool,5,10,1254.32,560.0,2800.0,4054.32,5067.9,0,Vegetable Dye Borders,Q1 (Jan-Mar),1.1,6125.56,82.7,14,4.87
KS-CRAFT-0072,Kullu Geometric Shawls,Himachal Pradesh,Textiles,Indigenous Himalayan Sheep Wool,3,26,1137.65,560.0,1680.0,2817.65,3522.06,1,Vegetable Dye Borders,Q4 (Oct-Dec),1.45,6786.12,100.0,19,4.79
KS-CRAFT-0073,Channapatna Lacquerware,Karnataka,Woodcraft,Seasoned Hale Wood & Vegetable Lac,4,18,335.0,650.0,2600.0,2935.0,3668.75,1,Natural Vegetable Resins,Q4 (Oct-Dec),1.45,6768.81,100.0,18,4.9
KS-CRAFT-0074,Banarasi Brocade,Uttar Pradesh,Textiles,Mulberry Silk & Zari,6,12,4985.15,620.0,3720.0,8705.15,10881.44,1,Vegetable Dye Blend,Q4 (Oct-Dec),1.45,19442.89,100.0,25,5.0
KS-CRAFT-0075,Dhokra Metal Casting,Chhattisgarh,Metalwork,Lost-Wax Brass & Bell Metal,12,15,1174.82,540.0,6480.0,7654.82,9568.52,0,Natural Beeswax Patina,Q4 (Oct-Dec),1.45,15607.02,100.0,24,4.55
KS-CRAFT-0076,Bastar Wrought Iron,Chhattisgarh,Metalwork,Hand-Forged Recycled Iron,2,22,711.12,540.0,1080.0,1791.12,2238.9,1,Black Oxide Patina,Q3 (Jul-Sep),1.15,3439.56,93.4,20,4.53
KS-CRAFT-0077,Bastar Wrought Iron,Chhattisgarh,Metalwork,Hand-Forged Recycled Iron,5,15,1426.14,540.0,2700.0,4126.14,5157.68,0,Charcoal Forge Oxidation,Q4 (Oct-Dec),1.45,8177.65,99.5,24,4.46
KS-CRAFT-0078,Kullu Geometric Shawls,Himachal Pradesh,Textiles,Indigenous Himalayan Sheep Wool,6,12,2579.15,560.0,3360.0,5939.15,7423.94,1,Natural Unbleached Wool Hues,Q4 (Oct-Dec),1.45,12762.96,100.0,20,4.68
KS-CRAFT-0079,Kullu Geometric Shawls,Himachal Pradesh,Textiles,Indigenous Himalayan Sheep Wool,7,3,2438.8,560.0,3920.0,6358.8,7948.5,1,Vegetable Dye Borders,Q1 (Jan-Mar),1.1,10686.29,96.2,17,4.85
KS-CRAFT-0080,Channapatna Lacquerware,Karnataka,Woodcraft,Seasoned Hale Wood & Vegetable Lac,5,8,734.89,650.0,3250.0,3984.89,4981.11,1,Natural Vegetable Resins,Q3 (Jul-Sep),1.15,7230.66,95.7,24,4.77
KS-CRAFT-0081,Bastar Wrought Iron,Chhattisgarh,Metalwork,Hand-Forged Recycled Iron,6,21,475.26,540.0,3240.0,3715.26,4644.08,0,Charcoal Forge Oxidation,Q1 (Jan-Mar),1.1,5664.06,73.3,17,4.67
KS-CRAFT-0082,Kullu Geometric Shawls,Himachal Pradesh,Textiles,Indigenous Himalayan Sheep Wool,8,4,1339.04,560.0,4480.0,5819.04,7273.8,1,Natural Unbleached Wool Hues,Q2 (Apr-Jun),0.95,8019.13,76.3,14,4.78
KS-CRAFT-0083,Kashmiri Pashmina,Jammu & Kashmir,Textiles,Grade-A Changthangi Cashmere,12,27,6163.16,750.0,9000.0,15163.16,18953.95,1,Walnut Hull & Saffron Tint,Q2 (Apr-Jun),0.95,23732.21,79.1,15,4.96
KS-CRAFT-0084,Kullu Geometric Shawls,Himachal Pradesh,Textiles,Indigenous Himalayan Sheep Wool,8,32,816.92,560.0,4480.0,5296.92,6621.15,1,Natural Unbleached Wool Hues,Q3 (Jul-Sep),1.15,9826.23,99.9,26,4.72
KS-CRAFT-0085,Jaipur Blue Pottery,Rajasthan,Pottery,"Quartz Powder, Fuller's Earth & Glass",5,15,1422.1,580.0,2900.0,4322.1,5402.62,0,Copper Oxide Green Glaze,Q3 (Jul-Sep),1.15,6483.06,80.5,16,4.52
KS-CRAFT-0086,Channapatna Lacquerware,Karnataka,Woodcraft,Seasoned Hale Wood & Vegetable Lac,4,6,442.14,650.0,2600.0,3042.14,3802.67,1,Natural Vegetable Resins,Q1 (Jan-Mar),1.1,5169.15,95.3,23,4.71
KS-CRAFT-0087,Ajrakh Handblock Print,Gujarat,Textiles,Organic Modal Cotton,8,19,885.2,600.0,4800.0,5685.2,7106.5,1,16-Stage Natural Indigo & Madder,Q2 (Apr-Jun),0.95,8695.46,83.2,19,4.63
KS-CRAFT-0088,Kullu Geometric Shawls,Himachal Pradesh,Textiles,Indigenous Himalayan Sheep Wool,7,11,1456.75,560.0,3920.0,5376.75,6720.94,1,Vegetable Dye Borders,Q1 (Jan-Mar),1.1,8903.87,89.0,17,4.85
KS-CRAFT-0089,Ajrakh Handblock Print,Gujarat,Textiles,Organic Modal Cotton,4,33,985.46,600.0,2400.0,3385.46,4231.82,0,Pomegranate Rind Extract,Q3 (Jul-Sep),1.15,5866.07,79.9,15,4.79
KS-CRAFT-0090,Mithila Madhubani,Bihar,Folk Painting,Handmade Recycled Paper & Canvas,7,28,951.8,520.0,3640.0,4591.8,5739.75,0,Organic Mineral Pigments,Q2 (Apr-Jun),0.95,6023.64,66.6,13,4.58
KS-CRAFT-0091,Ajrakh Handblock Print,Gujarat,Textiles,Organic Modal Cotton,7,26,1171.54,600.0,4200.0,5371.54,6714.43,1,16-Stage Natural Indigo & Madder,Q3 (Jul-Sep),1.15,10105.93,95.6,25,4.63
KS-CRAFT-0092,Kashmiri Pashmina,Jammu & Kashmir,Textiles,Grade-A Changthangi Cashmere,9,32,10536.34,750.0,6750.0,17286.34,21607.92,1,Pure Natural Cashmere,Q2 (Apr-Jun),0.95,28066.23,73.0,13,4.81
KS-CRAFT-0093,Kullu Geometric Shawls,Himachal Pradesh,Textiles,Indigenous Himalayan Sheep Wool,3,37,1222.64,560.0,1680.0,2902.64,3628.3,1,Vegetable Dye Borders,Q1 (Jan-Mar),1.1,5423.15,95.9,22,4.79
KS-CRAFT-0094,Kashmiri Pashmina,Jammu & Kashmir,Textiles,Grade-A Changthangi Cashmere,20,34,10721.76,750.0,15000.0,25721.76,32152.2,1,Pure Natural Cashmere,Q2 (Apr-Jun),0.95,39588.29,76.3,16,5.0
KS-CRAFT-0095,Ajrakh Handblock Print,Gujarat,Textiles,Organic Modal Cotton,8,25,1151.0,600.0,4800.0,5951.0,7438.75,1,Pomegranate Rind Extract,Q1 (Jan-Mar),1.1,10363.76,85.1,21,4.66
KS-CRAFT-0096,Dhokra Metal Casting,Chhattisgarh,Metalwork,Lost-Wax Brass & Bell Metal,4,18,2394.91,540.0,2160.0,4554.91,5693.64,0,Natural Beeswax Patina,Q1 (Jan-Mar),1.1,6600.45,81.9,16,4.5
KS-CRAFT-0097,Dhokra Metal Casting,Chhattisgarh,Metalwork,Lost-Wax Brass & Bell Metal,6,3,2398.42,540.0,3240.0,5638.42,7048.02,1,Natural Beeswax Patina,Q3 (Jul-Sep),1.15,10016.67,94.6,23,4.48
KS-CRAFT-0098,Pochampally Ikat,Telangana,Textiles,Pure Handloom Silk,3,18,2131.43,680.0,2040.0,4171.43,5214.29,1,Natural Indigo/Madder,Q2 (Apr-Jun),0.95,6069.13,72.2,17,4.78
KS-CRAFT-0099,Banarasi Brocade,Uttar Pradesh,Textiles,Mulberry Silk & Zari,12,35,5545.47,620.0,7440.0,12985.47,16231.84,1,Vegetable Dye Blend,Q4 (Oct-Dec),1.45,32133.49,100.0,18,4.95
KS-CRAFT-0100,Bastar Wrought Iron,Chhattisgarh,Metalwork,Hand-Forged Recycled Iron,5,4,1107.67,540.0,2700.0,3807.67,4759.59,1,Black Oxide Patina,Q3 (Jul-Sep),1.15,6707.63,93.1,17,4.63
KS-CRAFT-0101,Kullu Geometric Shawls,Himachal Pradesh,Textiles,Indigenous Himalayan Sheep Wool,3,12,1379.8,560.0,1680.0,3059.8,3824.75,1,Vegetable Dye Borders,Q1 (Jan-Mar),1.1,5243.65,91.2,21,4.75
KS-CRAFT-0102,Kashmiri Pashmina,Jammu & Kashmir,Textiles,Grade-A Changthangi Cashmere,21,30,9302.74,750.0,15750.0,25052.74,31315.93,1,Walnut Hull & Saffron Tint,Q3 (Jul-Sep),1.15,49784.16,96.0,23,4.98
KS-CRAFT-0103,Dhokra Metal Casting,Chhattisgarh,Metalwork,Lost-Wax Brass & Bell Metal,11,29,2587.37,540.0,5940.0,8527.37,10659.21,1,Oxidized Brass Finish,Q4 (Oct-Dec),1.45,20348.91,100.0,20,4.53
KS-CRAFT-0104,Channapatna Lacquerware,Karnataka,Woodcraft,Seasoned Hale Wood & Vegetable Lac,2,33,730.77,650.0,1300.0,2030.77,2538.46,1,Organic Turmeric & Indigo Lacquer,Q3 (Jul-Sep),1.15,3791.06,88.8,21,4.85
KS-CRAFT-0105,Bastar Wrought Iron,Chhattisgarh,Metalwork,Hand-Forged Recycled Iron,6,38,1452.29,540.0,3240.0,4692.29,5865.36,1,Charcoal Forge Oxidation,Q1 (Jan-Mar),1.1,8838.96,94.9,24,4.56
KS-CRAFT-0106,Pochampally Ikat,Telangana,Textiles,Pure Handloom Silk,7,35,2114.28,680.0,4760.0,6874.28,8592.85,1,Vegetable Dye Blend,Q3 (Jul-Sep),1.15,13118.07,89.0,22,4.74
KS-CRAFT-0107,Channapatna Lacquerware,Karnataka,Woodcraft,Seasoned Hale Wood & Vegetable Lac,4,38,841.61,650.0,2600.0,3441.61,4302.01,1,Natural Vegetable Resins,Q2 (Apr-Jun),0.95,5385.41,75.0,18,4.88
KS-CRAFT-0108,Ajrakh Handblock Print,Gujarat,Textiles,Organic Modal Cotton,4,28,1904.79,600.0,2400.0,4304.79,5380.99,1,16-Stage Natural Indigo & Madder,Q1 (Jan-Mar),1.1,7520.73,90.4,19,4.66
KS-CRAFT-0109,Mithila Madhubani,Bihar,Folk Painting,Handmade Recycled Paper & Canvas,4,8,949.44,520.0,2080.0,3029.44,3786.8,1,Natural Plant Extracts (Haldi/Neel),Q3 (Jul-Sep),1.15,5082.01,95.6,22,4.62
KS-CRAFT-0110,Jaipur Blue Pottery,Rajasthan,Pottery,"Quartz Powder, Fuller's Earth & Glass",6,20,958.35,580.0,3480.0,4438.35,5547.94,1,Cobalt Oxide Blue Glaze,Q4 (Oct-Dec),1.45,10120.52,100.0,23,4.6
KS-CRAFT-0111,Bastar Wrought Iron,Chhattisgarh,Metalwork,Hand-Forged Recycled Iron,2,6,642.57,540.0,1080.0,1722.57,2153.21,1,Black Oxide Patina,Q3 (Jul-Sep),1.15,3093.0,97.6,23,4.52
KS-CRAFT-0112,Banarasi Brocade,Uttar Pradesh,Textiles,Mulberry Silk & Zari,12,14,5412.16,620.0,7440.0,12852.16,16065.2,1,Metallic Zari & Organic Dip,Q1 (Jan-Mar),1.1,21963.07,94.4,23,4.77
KS-CRAFT-0113,Pochampally Ikat,Telangana,Textiles,Pure Handloom Silk,3,7,2395.36,680.0,2040.0,4435.36,5544.2,1,Vegetable Dye Blend,Q4 (Oct-Dec),1.45,9734.44,100.0,21,4.68
KS-CRAFT-0114,Pochampally Ikat,Telangana,Textiles,Pure Handloom Silk,5,32,3283.44,680.0,3400.0,6683.44,8354.3,1,Vegetable Dye Blend,Q3 (Jul-Sep),1.15,12416.63,98.6,19,4.8
KS-CRAFT-0115,Bastar Wrought Iron,Chhattisgarh,Metalwork,Hand-Forged Recycled Iron,5,24,1357.58,540.0,2700.0,4057.58,5071.98,1,Charcoal Forge Oxidation,Q1 (Jan-Mar),1.1,6953.43,91.8,20,4.5
KS-CRAFT-0116,Ajrakh Handblock Print,Gujarat,Textiles,Organic Modal Cotton,8,12,2037.34,600.0,4800.0,6837.34,8546.67,1,16-Stage Natural Indigo & Madder,Q3 (Jul-Sep),1.15,11808.58,89.8,17,4.74
KS-CRAFT-0117,Banarasi Brocade,Uttar Pradesh,Textiles,Mulberry Silk & Zari,15,31,4324.7,620.0,9300.0,13624.7,17030.88,1,Vegetable Dye Blend,Q2 (Apr-Jun),0.95,22487.88,79.6,15,4.77
KS-CRAFT-0118,Kullu Geometric Shawls,Himachal Pradesh,Textiles,Indigenous Himalayan Sheep Wool,9,6,1294.41,560.0,5040.0,6334.41,7918.01,1,Natural Unbleached Wool Hues,Q3 (Jul-Sep),1.15,10689.08,93.4,17,4.86
KS-CRAFT-0119,Banarasi Brocade,Uttar Pradesh,Textiles,Mulberry Silk & Zari,14,27,4754.54,620.0,8680.0,13434.54,16793.18,1,Metallic Zari & Organic Dip,Q1 (Jan-Mar),1.1,24231.14,94.1,22,4.83
KS-CRAFT-0120,Kullu Geometric Shawls,Himachal Pradesh,Textiles,Indigenous Himalayan Sheep Wool,3,24,1610.94,560.0,1680.0,3290.94,4113.68,0,Natural Unbleached Wool Hues,Q2 (Apr-Jun),0.95,4422.72,63.7,12,4.76
KS-CRAFT-0121,Kullu Geometric Shawls,Himachal Pradesh,Textiles,Indigenous Himalayan Sheep Wool,5,21,1471.13,560.0,2800.0,4271.13,5338.91,1,Vegetable Dye Borders,Q2 (Apr-Jun),0.95,6624.95,72.2,16,4.73
KS-CRAFT-0122,Ajrakh Handblock Print,Gujarat,Textiles,Organic Modal Cotton,7,21,1617.57,600.0,4200.0,5817.57,7271.96,1,16-Stage Natural Indigo & Madder,Q1 (Jan-Mar),1.1,10097.19,91.1,17,4.64
KS-CRAFT-0123,Jaipur Blue Pottery,Rajasthan,Pottery,"Quartz Powder, Fuller's Earth & Glass",6,8,1265.16,580.0,3480.0,4745.16,5931.45,1,Copper Oxide Green Glaze,Q2 (Apr-Jun),0.95,6903.41,75.7,14,4.63
KS-CRAFT-0124,Bastar Wrought Iron,Chhattisgarh,Metalwork,Hand-Forged Recycled Iron,7,35,1137.5,540.0,3780.0,4917.5,6146.88,1,Black Oxide Patina,Q1 (Jan-Mar),1.1,9053.3,95.9,19,4.64
KS-CRAFT-0125,Dhokra Metal Casting,Chhattisgarh,Metalwork,Lost-Wax Brass & Bell Metal,6,21,1194.4,540.0,3240.0,4434.4,5543.0,1,Natural Beeswax Patina,Q2 (Apr-Jun),0.95,6763.64,78.5,19,4.58
KS-CRAFT-0126,Ajrakh Handblock Print,Gujarat,Textiles,Organic Modal Cotton,7,13,1165.08,600.0,4200.0,5365.08,6706.35,1,16-Stage Natural Indigo & Madder,Q2 (Apr-Jun),0.95,8053.54,72.0,15,4.73
KS-CRAFT-0127,Kullu Geometric Shawls,Himachal Pradesh,Textiles,Indigenous Himalayan Sheep Wool,9,31,2147.37,560.0,5040.0,7187.37,8984.21,1,Natural Unbleached Wool Hues,Q3 (Jul-Sep),1.15,13599.03,98.1,21,4.86
KS-CRAFT-0128,Ajrakh Handblock Print,Gujarat,Textiles,Organic Modal Cotton,6,27,1754.16,600.0,3600.0,5354.16,6692.7,1,Pomegranate Rind Extract,Q4 (Oct-Dec),1.45,13383.96,100.0,24,4.58
KS-CRAFT-0129,Channapatna Lacquerware,Karnataka,Woodcraft,Seasoned Hale Wood & Vegetable Lac,4,38,861.88,650.0,2600.0,3461.88,4327.35,0,Organic Turmeric & Indigo Lacquer,Q1 (Jan-Mar),1.1,5599.4,81.9,16,4.88
KS-CRAFT-0130,Mithila Madhubani,Bihar,Folk Painting,Handmade Recycled Paper & Canvas,2,17,1151.77,520.0,1040.0,2191.77,2739.71,1,Organic Mineral Pigments,Q4 (Oct-Dec),1.45,5219.73,100.0,21,4.64
KS-CRAFT-0131,Jaipur Blue Pottery,Rajasthan,Pottery,"Quartz Powder, Fuller's Earth & Glass",4,23,708.22,580.0,2320.0,3028.22,3785.27,0,Copper Oxide Green Glaze,Q1 (Jan-Mar),1.1,4824.34,73.8,15,4.66
KS-CRAFT-0132,Mithila Madhubani,Bihar,Folk Painting,Handmade Recycled Paper & Canvas,5,8,853.81,520.0,2600.0,3453.81,4317.26,1,Natural Plant Extracts (Haldi/Neel),Q4 (Oct-Dec),1.45,7812.65,100.0,24,4.68
KS-CRAFT-0133,Banarasi Brocade,Uttar Pradesh,Textiles,Mulberry Silk & Zari,8,6,3494.95,620.0,4960.0,8454.95,10568.69,1,Vegetable Dye Blend,Q3 (Jul-Sep),1.15,13910.97,98.5,21,4.88
KS-CRAFT-0134,Bastar Wrought Iron,Chhattisgarh,Metalwork,Hand-Forged Recycled Iron,7,30,557.93,540.0,3780.0,4337.93,5422.41,1,Black Oxide Patina,Q2 (Apr-Jun),0.95,6703.96,76.9,18,4.47
KS-CRAFT-0135,Ajrakh Handblock Print,Gujarat,Textiles,Organic Modal Cotton,7,35,1416.12,600.0,4200.0,5616.12,7020.15,1,Pomegranate Rind Extract,Q1 (Jan-Mar),1.1,10928.48,84.1,17,4.64
KS-CRAFT-0136,Pochampally Ikat,Telangana,Textiles,Pure Handloom Silk,4,9,2096.49,680.0,2720.0,4816.49,6020.61,1,Vegetable Dye Blend,Q3 (Jul-Sep),1.15,8098.74,92.2,19,4.81
KS-CRAFT-0137,Kullu Geometric Shawls,Himachal Pradesh,Textiles,Indigenous Himalayan Sheep Wool,8,11,1128.1,560.0,4480.0,5608.1,7010.12,1,Vegetable Dye Borders,Q4 (Oct-Dec),1.45,11884.61,100.0,24,4.87
KS-CRAFT-0138,Ajrakh Handblock Print,Gujarat,Textiles,Organic Modal Cotton,7,37,1197.34,600.0,4200.0,5397.34,6746.68,1,16-Stage Natural Indigo & Madder,Q3 (Jul-Sep),1.15,10946.68,90.1,18,4.75
KS-CRAFT-0139,Ajrakh Handblock Print,Gujarat,Textiles,Organic Modal Cotton,3,30,1799.01,600.0,1800.0,3599.01,4498.76,1,Pomegranate Rind Extract,Q3 (Jul-Sep),1.15,7180.49,92.6,24,4.67
KS-CRAFT-0140,Kullu Geometric Shawls,Himachal Pradesh,Textiles,Indigenous Himalayan Sheep Wool,9,8,1734.7,560.0,5040.0,6774.7,8468.38,1,Natural Unbleached Wool Hues,Q3 (Jul-Sep),1.15,11683.06,100.0,19,4.72
KS-CRAFT-0141,Banarasi Brocade,Uttar Pradesh,Textiles,Mulberry Silk & Zari,10,22,5041.95,620.0,6200.0,11241.95,14052.44,1,Vegetable Dye Blend,Q1 (Jan-Mar),1.1,19271.28,89.3,19,4.93
KS-CRAFT-0142,Ajrakh Handblock Print,Gujarat,Textiles,Organic Modal Cotton,5,6,1559.2,600.0,3000.0,4559.2,5699.0,1,Pomegranate Rind Extract,Q4 (Oct-Dec),1.45,9752.26,100.0,23,4.79
KS-CRAFT-0143,Mithila Madhubani,Bihar,Folk Painting,Handmade Recycled Paper & Canvas,2,18,413.61,520.0,1040.0,1453.61,1817.01,1,Organic Mineral Pigments,Q4 (Oct-Dec),1.45,3290.05,100.0,18,4.59
KS-CRAFT-0144,Kullu Geometric Shawls,Himachal Pradesh,Textiles,Indigenous Himalayan Sheep Wool,5,7,1599.09,560.0,2800.0,4399.09,5498.86,1,Vegetable Dye Borders,Q3 (Jul-Sep),1.15,7525.29,96.0,19,4.68
KS-CRAFT-0145,Mithila Madhubani,Bihar,Folk Painting,Handmade Recycled Paper & Canvas,6,38,648.29,520.0,3120.0,3768.29,4710.36,1,Organic Mineral Pigments,Q4 (Oct-Dec),1.45,9631.07,100.0,23,4.72
KS-CRAFT-0146,Kullu Geometric Shawls,Himachal Pradesh,Textiles,Indigenous Himalayan Sheep Wool,3,7,1044.31,560.0,1680.0,2724.31,3405.39,1,Vegetable Dye Borders,Q2 (Apr-Jun),0.95,4080.58,82.0,21,4.9
KS-CRAFT-0147,Ajrakh Handblock Print,Gujarat,Textiles,Organic Modal Cotton,7,22,1413.26,600.0,4200.0,5613.26,7016.58,1,16-Stage Natural Indigo & Madder,Q1 (Jan-Mar),1.1,10240.21,90.2,17,4.6
KS-CRAFT-0148,Mithila Madhubani,Bihar,Folk Painting,Handmade Recycled Paper & Canvas,5,38,323.66,520.0,2600.0,2923.66,3654.57,1,Organic Mineral Pigments,Q2 (Apr-Jun),0.95,4943.0,78.6,18,4.57
KS-CRAFT-0149,Channapatna Lacquerware,Karnataka,Woodcraft,Seasoned Hale Wood & Vegetable Lac,4,29,617.99,650.0,2600.0,3217.99,4022.49,1,Organic Turmeric & Indigo Lacquer,Q4 (Oct-Dec),1.45,7469.14,100.0,18,4.77
KS-CRAFT-0150,Bastar Wrought Iron,Chhattisgarh,Metalwork,Hand-Forged Recycled Iron,3,38,1365.76,540.0,1620.0,2985.76,3732.2,1,Charcoal Forge Oxidation,Q3 (Jul-Sep),1.15,6089.66,89.3,19,4.67
KS-CRAFT-0151,Banarasi Brocade,Uttar Pradesh,Textiles,Mulberry Silk & Zari,9,23,2908.03,620.0,5580.0,8488.03,10610.04,0,Metallic Zari & Organic Dip,Q2 (Apr-Jun),0.95,11178.02,73.7,18,4.96
KS-CRAFT-0152,Channapatna Lacquerware,Karnataka,Woodcraft,Seasoned Hale Wood & Vegetable Lac,5,22,442.12,650.0,3250.0,3692.12,4615.15,1,Organic Turmeric & Indigo Lacquer,Q2 (Apr-Jun),0.95,5654.08,73.7,19,4.69
KS-CRAFT-0153,Kashmiri Pashmina,Jammu & Kashmir,Textiles,Grade-A Changthangi Cashmere,25,4,4891.35,750.0,18750.0,23641.35,29551.69,1,Pure Natural Cashmere,Q3 (Jul-Sep),1.15,40864.85,97.5,20,4.96
KS-CRAFT-0154,Kullu Geometric Shawls,Himachal Pradesh,Textiles,Indigenous Himalayan Sheep Wool,8,33,2521.97,560.0,4480.0,7001.97,8752.46,1,Vegetable Dye Borders,Q3 (Jul-Sep),1.15,13346.71,88.5,16,4.76
KS-CRAFT-0155,Kullu Geometric Shawls,Himachal Pradesh,Textiles,Indigenous Himalayan Sheep Wool,4,12,1412.35,560.0,2240.0,3652.35,4565.44,1,Vegetable Dye Borders,Q4 (Oct-Dec),1.45,8339.33,100.0,26,4.68
KS-CRAFT-0156,Ajrakh Handblock Print,Gujarat,Textiles,Organic Modal Cotton,5,10,962.61,600.0,3000.0,3962.61,4953.26,1,16-Stage Natural Indigo & Madder,Q1 (Jan-Mar),1.1,6408.69,84.2,22,4.77
KS-CRAFT-0157,Jaipur Blue Pottery,Rajasthan,Pottery,"Quartz Powder, Fuller's Earth & Glass",3,23,1385.5,580.0,1740.0,3125.5,3906.88,1,Cobalt Oxide Blue Glaze,Q2 (Apr-Jun),0.95,4805.88,78.2,17,4.53
KS-CRAFT-0158,Pochampally Ikat,Telangana,Textiles,Pure Handloom Silk,9,18,2514.16,680.0,6120.0,8634.16,10792.7,1,Vegetable Dye Blend,Q1 (Jan-Mar),1.1,14358.66,87.2,20,4.86
KS-CRAFT-0159,Kullu Geometric Shawls,Himachal Pradesh,Textiles,Indigenous Himalayan Sheep Wool,7,9,814.72,560.0,3920.0,4734.72,5918.4,1,Vegetable Dye Borders,Q3 (Jul-Sep),1.15,8447.18,97.5,20,4.75
KS-CRAFT-0160,Kashmiri Pashmina,Jammu & Kashmir,Textiles,Grade-A Changthangi Cashmere,18,7,9755.62,750.0,13500.0,23255.62,29069.52,1,Pure Natural Cashmere,Q2 (Apr-Jun),0.95,34067.79,75.1,19,4.97
KS-CRAFT-0161,Banarasi Brocade,Uttar Pradesh,Textiles,Mulberry Silk & Zari,6,24,3893.79,620.0,3720.0,7613.79,9517.24,1,Vegetable Dye Blend,Q2 (Apr-Jun),0.95,12058.66,74.1,16,4.88
KS-CRAFT-0162,Pochampally Ikat,Telangana,Textiles,Pure Handloom Silk,5,33,3055.34,680.0,3400.0,6455.34,8069.18,1,Natural Indigo/Madder,Q1 (Jan-Mar),1.1,12137.03,90.3,18,4.8
KS-CRAFT-0163,Mithila Madhubani,Bihar,Folk Painting,Handmade Recycled Paper & Canvas,6,22,965.39,520.0,3120.0,4085.39,5106.74,1,Organic Mineral Pigments,Q4 (Oct-Dec),1.45,9744.02,100.0,25,4.64
KS-CRAFT-0164,Banarasi Brocade,Uttar Pradesh,Textiles,Mulberry Silk & Zari,14,4,3523.01,620.0,8680.0,12203.01,15253.76,1,Vegetable Dye Blend,Q4 (Oct-Dec),1.45,27415.59,100.0,24,4.89
KS-CRAFT-0165,Pochampally Ikat,Telangana,Textiles,Pure Handloom Silk,5,27,2563.0,680.0,3400.0,5963.0,7453.75,1,Natural Indigo/Madder,Q4 (Oct-Dec),1.45,13587.31,100.0,18,4.65
KS-CRAFT-0166,Ajrakh Handblock Print,Gujarat,Textiles,Organic Modal Cotton,4,16,1219.44,600.0,2400.0,3619.44,4524.3,1,Pomegranate Rind Extract,Q4 (Oct-Dec),1.45,8533.05,100.0,18,4.58
KS-CRAFT-0167,Dhokra Metal Casting,Chhattisgarh,Metalwork,Lost-Wax Brass & Bell Metal,11,23,1898.41,540.0,5940.0,7838.41,9798.01,0,Oxidized Brass Finish,Q3 (Jul-Sep),1.15,13206.91,80.0,16,4.64
KS-CRAFT-0168,Channapatna Lacquerware,Karnataka,Woodcraft,Seasoned Hale Wood & Vegetable Lac,2,20,920.14,650.0,1300.0,2220.14,2775.17,1,Organic Turmeric & Indigo Lacquer,Q4 (Oct-Dec),1.45,5365.99,100.0,24,4.83
KS-CRAFT-0169,Kullu Geometric Shawls,Himachal Pradesh,Textiles,Indigenous Himalayan Sheep Wool,6,20,1427.85,560.0,3360.0,4787.85,5984.81,1,Vegetable Dye Borders,Q3 (Jul-Sep),1.15,9138.03,92.7,19,4.84
KS-CRAFT-0170,Mithila Madhubani,Bihar,Folk Painting,Handmade Recycled Paper & Canvas,2,8,558.87,520.0,1040.0,1598.87,1998.59,1,Organic Mineral Pigments,Q3 (Jul-Sep),1.15,2819.22,97.3,19,4.76
KS-CRAFT-0171,Channapatna Lacquerware,Karnataka,Woodcraft,Seasoned Hale Wood & Vegetable Lac,2,18,326.46,650.0,1300.0,1626.46,2033.08,1,Organic Turmeric & Indigo Lacquer,Q3 (Jul-Sep),1.15,3000.47,88.3,18,4.83
KS-CRAFT-0172,Banarasi Brocade,Uttar Pradesh,Textiles,Mulberry Silk & Zari,5,13,6347.43,620.0,3100.0,9447.43,11809.29,1,Vegetable Dye Blend,Q2 (Apr-Jun),0.95,13846.67,74.1,19,4.83
KS-CRAFT-0173,Pochampally Ikat,Telangana,Textiles,Pure Handloom Silk,6,5,2591.4,680.0,4080.0,6671.4,8339.25,1,Natural Indigo/Madder,Q1 (Jan-Mar),1.1,10832.22,94.4,24,4.66
KS-CRAFT-0174,Jaipur Blue Pottery,Rajasthan,Pottery,"Quartz Powder, Fuller's Earth & Glass",3,21,1527.1,580.0,1740.0,3267.1,4083.88,1,Cobalt Oxide Blue Glaze,Q4 (Oct-Dec),1.45,7448.45,100.0,26,4.53
KS-CRAFT-0175,Kullu Geometric Shawls,Himachal Pradesh,Textiles,Indigenous Himalayan Sheep Wool,4,32,2331.91,560.0,2240.0,4571.91,5714.89,1,Natural Unbleached Wool Hues,Q4 (Oct-Dec),1.45,10977.69,100.0,23,4.83
KS-CRAFT-0176,Pochampally Ikat,Telangana,Textiles,Pure Handloom Silk,7,15,2676.23,680.0,4760.0,7436.23,9295.29,1,Vegetable Dye Blend,Q3 (Jul-Sep),1.15,13779.26,94.3,17,4.82
KS-CRAFT-0177,Mithila Madhubani,Bihar,Folk Painting,Handmade Recycled Paper & Canvas,5,18,591.24,520.0,2600.0,3191.24,3989.05,1,Organic Mineral Pigments,Q2 (Apr-Jun),0.95,4672.13,81.3,21,4.63
KS-CRAFT-0178,Kashmiri Pashmina,Jammu & Kashmir,Textiles,Grade-A Changthangi Cashmere,15,18,10709.99,750.0,11250.0,21959.99,27449.99,1,Walnut Hull & Saffron Tint,Q1 (Jan-Mar),1.1,38096.93,85.6,20,5.0
KS-CRAFT-0179,Channapatna Lacquerware,Karnataka,Woodcraft,Seasoned Hale Wood & Vegetable Lac,3,17,507.28,650.0,1950.0,2457.28,3071.6,1,Organic Turmeric & Indigo Lacquer,Q1 (Jan-Mar),1.1,4248.81,89.5,23,4.74
KS-CRAFT-0180,Bastar Wrought Iron,Chhattisgarh,Metalwork,Hand-Forged Recycled Iron,6,16,1282.19,540.0,3240.0,4522.19,5652.74,1,Charcoal Forge Oxidation,Q4 (Oct-Dec),1.45,10307.79,100.0,20,4.68
KS-CRAFT-0181,Banarasi Brocade,Uttar Pradesh,Textiles,Mulberry Silk & Zari,13,15,6082.42,620.0,8060.0,14142.42,17678.03,1,Metallic Zari & Organic Dip,Q1 (Jan-Mar),1.1,23473.86,94.7,20,4.92
KS-CRAFT-0182,Kashmiri Pashmina,Jammu & Kashmir,Textiles,Grade-A Changthangi Cashmere,9,31,13039.45,750.0,6750.0,19789.45,24736.81,1,Pure Natural Cashmere,Q4 (Oct-Dec),1.45,46365.09,100.0,22,4.94
KS-CRAFT-0183,Channapatna Lacquerware,Karnataka,Woodcraft,Seasoned Hale Wood & Vegetable Lac,4,3,428.12,650.0,2600.0,3028.12,3785.15,1,Organic Turmeric & Indigo Lacquer,Q1 (Jan-Mar),1.1,4687.65,88.0,16,4.9
KS-CRAFT-0184,Banarasi Brocade,Uttar Pradesh,Textiles,Mulberry Silk & Zari,5,14,3434.49,620.0,3100.0,6534.49,8168.11,1,Vegetable Dye Blend,Q4 (Oct-Dec),1.45,14536.53,100.0,21,4.98
KS-CRAFT-0185,Jaipur Blue Pottery,Rajasthan,Pottery,"Quartz Powder, Fuller's Earth & Glass",2,37,1235.14,580.0,1160.0,2395.14,2993.92,1,Copper Oxide Green Glaze,Q4 (Oct-Dec),1.45,5749.49,100.0,21,4.48
KS-CRAFT-0186,Dhokra Metal Casting,Chhattisgarh,Metalwork,Lost-Wax Brass & Bell Metal,4,32,2759.13,540.0,2160.0,4919.13,6148.91,1,Oxidized Brass Finish,Q1 (Jan-Mar),1.1,9141.95,94.3,18,4.54
KS-CRAFT-0187,Channapatna Lacquerware,Karnataka,Woodcraft,Seasoned Hale Wood & Vegetable Lac,1,29,272.55,650.0,650.0,922.55,1153.19,1,Organic Turmeric & Indigo Lacquer,Q2 (Apr-Jun),0.95,1419.56,72.3,16,4.76
KS-CRAFT-0188,Pochampally Ikat,Telangana,Textiles,Pure Handloom Silk,3,17,2245.89,680.0,2040.0,4285.89,5357.36,1,Natural Indigo/Madder,Q2 (Apr-Jun),0.95,6185.39,84.4,16,4.88
KS-CRAFT-0189,Kashmiri Pashmina,Jammu & Kashmir,Textiles,Grade-A Changthangi Cashmere,25,23,10180.22,750.0,18750.0,28930.22,36162.78,1,Walnut Hull & Saffron Tint,Q3 (Jul-Sep),1.15,56448.42,94.4,20,4.87
KS-CRAFT-0190,Bastar Wrought Iron,Chhattisgarh,Metalwork,Hand-Forged Recycled Iron,7,38,1146.63,540.0,3780.0,4926.63,6158.29,1,Black Oxide Patina,Q2 (Apr-Jun),0.95,8439.85,80.2,19,4.53
KS-CRAFT-0191,Jaipur Blue Pottery,Rajasthan,Pottery,"Quartz Powder, Fuller's Earth & Glass",3,14,794.87,580.0,1740.0,2534.87,3168.59,1,Copper Oxide Green Glaze,Q4 (Oct-Dec),1.45,5563.57,100.0,25,4.49
KS-CRAFT-0192,Kullu Geometric Shawls,Himachal Pradesh,Textiles,Indigenous Himalayan Sheep Wool,7,29,1542.82,560.0,3920.0,5462.82,6828.52,1,Natural Unbleached Wool Hues,Q1 (Jan-Mar),1.1,9879.14,86.9,17,4.67
KS-CRAFT-0193,Kullu Geometric Shawls,Himachal Pradesh,Textiles,Indigenous Himalayan Sheep Wool,3,15,1764.14,560.0,1680.0,3444.14,4305.18,1,Vegetable Dye Borders,Q3 (Jul-Sep),1.15,6288.12,95.4,24,4.7
KS-CRAFT-0194,Kashmiri Pashmina,Jammu & Kashmir,Textiles,Grade-A Changthangi Cashmere,22,24,6484.45,750.0,16500.0,22984.45,28730.56,1,Walnut Hull & Saffron Tint,Q2 (Apr-Jun),0.95,34493.13,73.9,18,4.99
KS-CRAFT-0195,Kullu Geometric Shawls,Himachal Pradesh,Textiles,Indigenous Himalayan Sheep Wool,8,16,1887.92,560.0,4480.0,6367.92,7959.9,1,Natural Unbleached Wool Hues,Q2 (Apr-Jun),0.95,9534.72,81.6,17,4.78
KS-CRAFT-0196,Ajrakh Handblock Print,Gujarat,Textiles,Organic Modal Cotton,5,34,1139.47,600.0,3000.0,4139.47,5174.34,1,Pomegranate Rind Extract,Q3 (Jul-Sep),1.15,8295.92,91.7,17,4.63
KS-CRAFT-0197,Pochampally Ikat,Telangana,Textiles,Pure Handloom Silk,5,38,1242.17,680.0,3400.0,4642.17,5802.71,0,Vegetable Dye Blend,Q2 (Apr-Jun),0.95,6491.21,64.1,12,4.79
KS-CRAFT-0198,Dhokra Metal Casting,Chhattisgarh,Metalwork,Lost-Wax Brass & Bell Metal,12,24,2143.76,540.0,6480.0,8623.76,10779.7,1,Oxidized Brass Finish,Q4 (Oct-Dec),1.45,21272.67,100.0,22,4.49
KS-CRAFT-0199,Ajrakh Handblock Print,Gujarat,Textiles,Organic Modal Cotton,4,34,1680.47,600.0,2400.0,4080.47,5100.59,1,16-Stage Natural Indigo & Madder,Q2 (Apr-Jun),0.95,6600.51,82.4,15,4.75
KS-CRAFT-0200,Pochampally Ikat,Telangana,Textiles,Pure Handloom Silk,9,17,1557.48,680.0,6120.0,7677.48,9596.85,1,Natural Indigo/Madder,Q1 (Jan-Mar),1.1,12657.08,90.1,19,4.8
KS-CRAFT-0201,Kashmiri Pashmina,Jammu & Kashmir,Textiles,Grade-A Changthangi Cashmere,22,37,4649.45,750.0,16500.0,21149.45,26436.81,1,Walnut Hull & Saffron Tint,Q4 (Oct-Dec),1.45,50236.63,100.0,22,4.87
KS-CRAFT-0202,Bastar Wrought Iron,Chhattisgarh,Metalwork,Hand-Forged Recycled Iron,3,9,517.72,540.0,1620.0,2137.72,2672.15,1,Charcoal Forge Oxidation,Q4 (Oct-Dec),1.45,4559.44,100.0,25,4.52
KS-CRAFT-0203,Jaipur Blue Pottery,Rajasthan,Pottery,"Quartz Powder, Fuller's Earth & Glass",4,32,1553.19,580.0,2320.0,3873.19,4841.49,1,Cobalt Oxide Blue Glaze,Q1 (Jan-Mar),1.1,7033.34,94.3,17,4.7
KS-CRAFT-0204,Pochampally Ikat,Telangana,Textiles,Pure Handloom Silk,9,38,2186.09,680.0,6120.0,8306.09,10382.61,1,Natural Indigo/Madder,Q1 (Jan-Mar),1.1,16102.79,84.6,21,4.81
KS-CRAFT-0205,Ajrakh Handblock Print,Gujarat,Textiles,Organic Modal Cotton,7,17,1978.73,600.0,4200.0,6178.73,7723.41,1,Pomegranate Rind Extract,Q1 (Jan-Mar),1.1,10463.93,95.6,22,4.62
KS-CRAFT-0206,Bastar Wrought Iron,Chhattisgarh,Metalwork,Hand-Forged Recycled Iron,3,23,1421.64,540.0,1620.0,3041.64,3802.05,1,Charcoal Forge Oxidation,Q1 (Jan-Mar),1.1,5463.0,93.3,22,4.55
KS-CRAFT-0207,Banarasi Brocade,Uttar Pradesh,Textiles,Mulberry Silk & Zari,7,27,4625.02,620.0,4340.0,8965.02,11206.28,1,Vegetable Dye Blend,Q3 (Jul-Sep),1.15,16793.87,97.2,24,4.92
KS-CRAFT-0208,Banarasi Brocade,Uttar Pradesh,Textiles,Mulberry Silk & Zari,5,17,2620.05,620.0,3100.0,5720.05,7150.06,1,Vegetable Dye Blend,Q3 (Jul-Sep),1.15,10470.21,95.6,22,4.99
KS-CRAFT-0209,Ajrakh Handblock Print,Gujarat,Textiles,Organic Modal Cotton,8,31,1009.99,600.0,4800.0,5809.99,7262.49,1,Pomegranate Rind Extract,Q1 (Jan-Mar),1.1,10773.43,88.4,17,4.7
KS-CRAFT-0210,Jaipur Blue Pottery,Rajasthan,Pottery,"Quartz Powder, Fuller's Earth & Glass",6,18,789.69,580.0,3480.0,4269.69,5337.11,1,Cobalt Oxide Blue Glaze,Q1 (Jan-Mar),1.1,7261.91,88.5,21,4.49
KS-CRAFT-0211,Jaipur Blue Pottery,Rajasthan,Pottery,"Quartz Powder, Fuller's Earth & Glass",4,3,572.53,580.0,2320.0,2892.53,3615.66,0,Copper Oxide Green Glaze,Q3 (Jul-Sep),1.15,4203.46,79.0,14,4.5
KS-CRAFT-0212,Kullu Geometric Shawls,Himachal Pradesh,Textiles,Indigenous Himalayan Sheep Wool,3,25,847.27,560.0,1680.0,2527.27,3159.09,1,Vegetable Dye Borders,Q4 (Oct-Dec),1.45,6201.07,100.0,21,4.84
KS-CRAFT-0213,Bastar Wrought Iron,Chhattisgarh,Metalwork,Hand-Forged Recycled Iron,6,27,973.21,540.0,3240.0,4213.21,5266.51,1,Black Oxide Patina,Q2 (Apr-Jun),0.95,6465.84,77.9,14,4.56
KS-CRAFT-0214,Jaipur Blue Pottery,Rajasthan,Pottery,"Quartz Powder, Fuller's Earth & Glass",5,26,1350.07,580.0,2900.0,4250.07,5312.59,1,Cobalt Oxide Blue Glaze,Q3 (Jul-Sep),1.15,8194.04,94.0,21,4.56
KS-CRAFT-0215,Mithila Madhubani,Bihar,Folk Painting,Handmade Recycled Paper & Canvas,2,24,1153.94,520.0,1040.0,2193.94,2742.43,1,Organic Mineral Pigments,Q3 (Jul-Sep),1.15,4226.23,91.9,19,4.75
KS-CRAFT-0216,Kashmiri Pashmina,Jammu & Kashmir,Textiles,Grade-A Changthangi Cashmere,16,15,7546.32,750.0,12000.0,19546.32,24432.9,1,Walnut Hull & Saffron Tint,Q2 (Apr-Jun),0.95,30314.96,84.1,17,4.97
KS-CRAFT-0217,Kullu Geometric Shawls,Himachal Pradesh,Textiles,Indigenous Himalayan Sheep Wool,5,28,1476.9,560.0,2800.0,4276.9,5346.12,1,Natural Unbleached Wool Hues,Q2 (Apr-Jun),0.95,6786.32,78.6,18,4.79
KS-CRAFT-0218,Kullu Geometric Shawls,Himachal Pradesh,Textiles,Indigenous Himalayan Sheep Wool,6,7,2235.83,560.0,3360.0,5595.83,6994.79,1,Vegetable Dye Borders,Q2 (Apr-Jun),0.95,8125.18,73.3,15,4.71
KS-CRAFT-0219,Mithila Madhubani,Bihar,Folk Painting,Handmade Recycled Paper & Canvas,5,33,366.57,520.0,2600.0,2966.57,3708.21,1,Organic Mineral Pigments,Q4 (Oct-Dec),1.45,7307.19,100.0,20,4.77
KS-CRAFT-0220,Bastar Wrought Iron,Chhattisgarh,Metalwork,Hand-Forged Recycled Iron,2,25,1245.85,540.0,1080.0,2325.85,2907.31,1,Charcoal Forge Oxidation,Q1 (Jan-Mar),1.1,4205.0,91.9,21,4.69
KS-CRAFT-0221,Ajrakh Handblock Print,Gujarat,Textiles,Organic Modal Cotton,3,19,615.82,600.0,1800.0,2415.82,3019.78,1,16-Stage Natural Indigo & Madder,Q4 (Oct-Dec),1.45,5539.1,100.0,24,4.7
KS-CRAFT-0222,Bastar Wrought Iron,Chhattisgarh,Metalwork,Hand-Forged Recycled Iron,4,33,1497.47,540.0,2160.0,3657.47,4571.84,1,Black Oxide Patina,Q2 (Apr-Jun),0.95,6121.77,72.6,18,4.63
KS-CRAFT-0223,Ajrakh Handblock Print,Gujarat,Textiles,Organic Modal Cotton,5,16,1283.0,600.0,3000.0,4283.0,5353.75,1,Pomegranate Rind Extract,Q3 (Jul-Sep),1.15,7705.0,93.3,22,4.63
KS-CRAFT-0224,Channapatna Lacquerware,Karnataka,Woodcraft,Seasoned Hale Wood & Vegetable Lac,1,24,265.81,650.0,650.0,915.81,1144.76,1,Organic Turmeric & Indigo Lacquer,Q1 (Jan-Mar),1.1,1707.84,93.2,20,4.79
KS-CRAFT-0225,Ajrakh Handblock Print,Gujarat,Textiles,Organic Modal Cotton,6,28,947.78,600.0,3600.0,4547.78,5684.72,1,16-Stage Natural Indigo & Madder,Q4 (Oct-Dec),1.45,11066.24,100.0,18,4.7
KS-CRAFT-0226,Dhokra Metal Casting,Chhattisgarh,Metalwork,Lost-Wax Brass & Bell Metal,10,16,1638.79,540.0,5400.0,7038.79,8798.49,1,Natural Beeswax Patina,Q4 (Oct-Dec),1.45,16126.21,100.0,22,4.54
KS-CRAFT-0227,Dhokra Metal Casting,Chhattisgarh,Metalwork,Lost-Wax Brass & Bell Metal,5,34,1398.47,540.0,2700.0,4098.47,5123.09,1,Oxidized Brass Finish,Q4 (Oct-Dec),1.45,10191.89,100.0,22,4.54
KS-CRAFT-0228,Kullu Geometric Shawls,Himachal Pradesh,Textiles,Indigenous Himalayan Sheep Wool,9,22,2012.46,560.0,5040.0,7052.46,8815.58,1,Natural Unbleached Wool Hues,Q2 (Apr-Jun),0.95,10981.33,75.5,15,4.68
KS-CRAFT-0229,Ajrakh Handblock Print,Gujarat,Textiles,Organic Modal Cotton,7,11,1182.69,600.0,4200.0,5382.69,6728.36,1,Pomegranate Rind Extract,Q2 (Apr-Jun),0.95,7588.88,79.7,19,4.71
KS-CRAFT-0230,Mithila Madhubani,Bihar,Folk Painting,Handmade Recycled Paper & Canvas,5,14,559.95,520.0,2600.0,3159.95,3949.94,1,Organic Mineral Pigments,Q2 (Apr-Jun),0.95,4718.69,82.7,21,4.67
KS-CRAFT-0231,Dhokra Metal Casting,Chhattisgarh,Metalwork,Lost-Wax Brass & Bell Metal,12,34,1860.33,540.0,6480.0,8340.33,10425.41,1,Oxidized Brass Finish,Q4 (Oct-Dec),1.45,20371.51,100.0,22,4.47
KS-CRAFT-0232,Pochampally Ikat,Telangana,Textiles,Pure Handloom Silk,7,17,1285.01,680.0,4760.0,6045.01,7556.26,1,Natural Indigo/Madder,Q2 (Apr-Jun),0.95,9297.93,78.8,19,4.77
KS-CRAFT-0233,Bastar Wrought Iron,Chhattisgarh,Metalwork,Hand-Forged Recycled Iron,6,37,525.63,540.0,3240.0,3765.63,4707.04,1,Black Oxide Patina,Q1 (Jan-Mar),1.1,7156.2,93.4,22,4.56
KS-CRAFT-0234,Dhokra Metal Casting,Chhattisgarh,Metalwork,Lost-Wax Brass & Bell Metal,5,18,2298.38,540.0,2700.0,4998.38,6247.98,1,Natural Beeswax Patina,Q4 (Oct-Dec),1.45,11412.65,100.0,25,4.56
KS-CRAFT-0235,Banarasi Brocade,Uttar Pradesh,Textiles,Mulberry Silk & Zari,8,25,5686.02,620.0,4960.0,10646.02,13307.53,1,Vegetable Dye Blend,Q2 (Apr-Jun),0.95,15973.03,73.3,14,4.8
KS-CRAFT-0236,Pochampally Ikat,Telangana,Textiles,Pure Handloom Silk,7,13,2751.83,680.0,4760.0,7511.83,9389.79,1,Vegetable Dye Blend,Q3 (Jul-Sep),1.15,13078.81,91.1,23,4.9
KS-CRAFT-0237,Banarasi Brocade,Uttar Pradesh,Textiles,Mulberry Silk & Zari,11,20,6150.71,620.0,6820.0,12970.71,16213.39,1,Metallic Zari & Organic Dip,Q2 (Apr-Jun),0.95,20071.75,73.2,13,4.83
KS-CRAFT-0238,Dhokra Metal Casting,Chhattisgarh,Metalwork,Lost-Wax Brass & Bell Metal,11,20,1170.13,540.0,5940.0,7110.13,8887.66,1,Oxidized Brass Finish,Q4 (Oct-Dec),1.45,16386.95,100.0,25,4.47
KS-CRAFT-0239,Bastar Wrought Iron,Chhattisgarh,Metalwork,Hand-Forged Recycled Iron,7,26,1429.97,540.0,3780.0,5209.97,6512.46,1,Black Oxide Patina,Q3 (Jul-Sep),1.15,9661.62,87.6,21,4.63
KS-CRAFT-0240,Kullu Geometric Shawls,Himachal Pradesh,Textiles,Indigenous Himalayan Sheep Wool,9,37,914.0,560.0,5040.0,5954.0,7442.5,1,Vegetable Dye Borders,Q3 (Jul-Sep),1.15,12159.13,94.0,19,4.72
KS-CRAFT-0241,Bastar Wrought Iron,Chhattisgarh,Metalwork,Hand-Forged Recycled Iron,6,24,1337.66,540.0,3240.0,4577.66,5722.07,1,Charcoal Forge Oxidation,Q2 (Apr-Jun),0.95,6753.63,79.6,20,4.45
KS-CRAFT-0242,Mithila Madhubani,Bihar,Folk Painting,Handmade Recycled Paper & Canvas,5,30,300.61,520.0,2600.0,2900.61,3625.76,1,Natural Plant Extracts (Haldi/Neel),Q4 (Oct-Dec),1.45,7288.08,100.0,25,4.77
KS-CRAFT-0243,Banarasi Brocade,Uttar Pradesh,Textiles,Mulberry Silk & Zari,9,13,2554.41,620.0,5580.0,8134.41,10168.01,1,Vegetable Dye Blend,Q3 (Jul-Sep),1.15,14788.12,97.4,21,4.77
KS-CRAFT-0244,Banarasi Brocade,Uttar Pradesh,Textiles,Mulberry Silk & Zari,8,11,4250.27,620.0,4960.0,9210.27,11512.84,1,Vegetable Dye Blend,Q1 (Jan-Mar),1.1,14764.43,92.6,23,5.0
KS-CRAFT-0245,Jaipur Blue Pottery,Rajasthan,Pottery,"Quartz Powder, Fuller's Earth & Glass",5,27,531.45,580.0,2900.0,3431.45,4289.31,1,Cobalt Oxide Blue Glaze,Q2 (Apr-Jun),0.95,5160.83,76.3,15,4.55
KS-CRAFT-0246,Mithila Madhubani,Bihar,Folk Painting,Handmade Recycled Paper & Canvas,2,3,777.46,520.0,1040.0,1817.46,2271.82,1,Natural Plant Extracts (Haldi/Neel),Q2 (Apr-Jun),0.95,2529.29,80.9,18,4.59
KS-CRAFT-0247,Jaipur Blue Pottery,Rajasthan,Pottery,"Quartz Powder, Fuller's Earth & Glass",3,9,549.69,580.0,1740.0,2289.69,2862.11,1,Cobalt Oxide Blue Glaze,Q4 (Oct-Dec),1.45,5081.88,100.0,26,4.53
KS-CRAFT-0248,Mithila Madhubani,Bihar,Folk Painting,Handmade Recycled Paper & Canvas,4,18,880.16,520.0,2080.0,2960.16,3700.2,1,Organic Mineral Pigments,Q2 (Apr-Jun),0.95,4573.28,80.5,20,4.71
KS-CRAFT-0249,Channapatna Lacquerware,Karnataka,Woodcraft,Seasoned Hale Wood & Vegetable Lac,5,15,674.85,650.0,3250.0,3924.85,4906.06,1,Natural Vegetable Resins,Q2 (Apr-Jun),0.95,5903.7,81.7,20,4.71
KS-CRAFT-0250,Jaipur Blue Pottery,Rajasthan,Pottery,"Quartz Powder, Fuller's Earth & Glass",3,7,1024.52,580.0,1740.0,2764.52,3455.65,1,Cobalt Oxide Blue Glaze,Q1 (Jan-Mar),1.1,4789.93,95.7,18,4.67
KS-CRAFT-0251,Kashmiri Pashmina,Jammu & Kashmir,Textiles,Grade-A Changthangi Cashmere,18,14,9690.38,750.0,13500.0,23190.38,28987.98,1,Walnut Hull & Saffron Tint,Q4 (Oct-Dec),1.45,49738.55,100.0,20,4.81
KS-CRAFT-0252,Pochampally Ikat,Telangana,Textiles,Pure Handloom Silk,7,35,2834.28,680.0,4760.0,7594.28,9492.85,1,Vegetable Dye Blend,Q4 (Oct-Dec),1.45,19160.81,100.0,22,4.8
KS-CRAFT-0253,Channapatna Lacquerware,Karnataka,Woodcraft,Seasoned Hale Wood & Vegetable Lac,3,16,305.32,650.0,1950.0,2255.32,2819.15,0,Organic Turmeric & Indigo Lacquer,Q1 (Jan-Mar),1.1,3394.83,77.1,18,4.86
KS-CRAFT-0254,Banarasi Brocade,Uttar Pradesh,Textiles,Mulberry Silk & Zari,16,18,4081.19,620.0,9920.0,14001.19,17501.49,1,Metallic Zari & Organic Dip,Q3 (Jul-Sep),1.15,26552.41,89.1,20,4.76
KS-CRAFT-0255,Mithila Madhubani,Bihar,Folk Painting,Handmade Recycled Paper & Canvas,2,3,937.11,520.0,1040.0,1977.11,2471.39,1,Organic Mineral Pigments,Q1 (Jan-Mar),1.1,3212.24,93.7,22,4.59
KS-CRAFT-0256,Mithila Madhubani,Bihar,Folk Painting,Handmade Recycled Paper & Canvas,7,4,1097.77,520.0,3640.0,4737.77,5922.21,1,Organic Mineral Pigments,Q3 (Jul-Sep),1.15,7886.49,88.4,21,4.69
KS-CRAFT-0257,Banarasi Brocade,Uttar Pradesh,Textiles,Mulberry Silk & Zari,12,6,4396.36,620.0,7440.0,11836.36,14795.45,1,Metallic Zari & Organic Dip,Q4 (Oct-Dec),1.45,25329.44,100.0,18,4.89
KS-CRAFT-0258,Banarasi Brocade,Uttar Pradesh,Textiles,Mulberry Silk & Zari,16,5,4387.95,620.0,9920.0,14307.95,17884.94,1,Metallic Zari & Organic Dip,Q2 (Apr-Jun),0.95,19716.45,77.6,16,4.79
KS-CRAFT-0259,Pochampally Ikat,Telangana,Textiles,Pure Handloom Silk,6,29,2036.69,680.0,4080.0,6116.69,7645.86,1,Vegetable Dye Blend,Q4 (Oct-Dec),1.45,14410.21,100.0,21,4.78
KS-CRAFT-0260,Pochampally Ikat,Telangana,Textiles,Pure Handloom Silk,6,5,3291.28,680.0,4080.0,7371.28,9214.1,0,Natural Indigo/Madder,Q2 (Apr-Jun),0.95,9400.2,72.8,17,4.73
KS-CRAFT-0261,Banarasi Brocade,Uttar Pradesh,Textiles,Mulberry Silk & Zari,5,21,3786.35,620.0,3100.0,6886.35,8607.94,1,Vegetable Dye Blend,Q4 (Oct-Dec),1.45,16399.48,100.0,21,4.99
KS-CRAFT-0262,Dhokra Metal Casting,Chhattisgarh,Metalwork,Lost-Wax Brass & Bell Metal,6,29,912.12,540.0,3240.0,4152.12,5190.15,1,Oxidized Brass Finish,Q2 (Apr-Jun),0.95,6645.61,80.5,14,4.53
KS-CRAFT-0263,Jaipur Blue Pottery,Rajasthan,Pottery,"Quartz Powder, Fuller's Earth & Glass",2,18,685.97,580.0,1160.0,1845.97,2307.46,1,Cobalt Oxide Blue Glaze,Q3 (Jul-Sep),1.15,3516.71,89.4,18,4.46
KS-CRAFT-0264,Dhokra Metal Casting,Chhattisgarh,Metalwork,Lost-Wax Brass & Bell Metal,9,8,1771.07,540.0,4860.0,6631.07,8288.84,1,Natural Beeswax Patina,Q4 (Oct-Dec),1.45,14715.49,100.0,23,4.47
KS-CRAFT-0265,Mithila Madhubani,Bihar,Folk Painting,Handmade Recycled Paper & Canvas,4,23,534.89,520.0,2080.0,2614.89,3268.61,0,Organic Mineral Pigments,Q2 (Apr-Jun),0.95,3566.39,71.1,14,4.62
KS-CRAFT-0266,Banarasi Brocade,Uttar Pradesh,Textiles,Mulberry Silk & Zari,7,9,5553.73,620.0,4340.0,9893.73,12367.16,1,Metallic Zari & Organic Dip,Q2 (Apr-Jun),0.95,14189.11,75.6,14,4.84
KS-CRAFT-0267,Dhokra Metal Casting,Chhattisgarh,Metalwork,Lost-Wax Brass & Bell Metal,8,10,1780.36,540.0,4320.0,6100.36,7625.45,1,Oxidized Brass Finish,Q4 (Oct-Dec),1.45,13920.49,100.0,18,4.66
KS-CRAFT-0268,Ajrakh Handblock Print,Gujarat,Textiles,Organic Modal Cotton,3,25,1666.74,600.0,1800.0,3466.74,4333.42,1,16-Stage Natural Indigo & Madder,Q2 (Apr-Jun),0.95,5473.67,74.9,19,4.56
KS-CRAFT-0269,Jaipur Blue Pottery,Rajasthan,Pottery,"Quartz Powder, Fuller's Earth & Glass",6,18,1310.29,580.0,3480.0,4790.29,5987.86,1,Cobalt Oxide Blue Glaze,Q4 (Oct-Dec),1.45,11322.96,100.0,17,4.66
KS-CRAFT-0270,Dhokra Metal Casting,Chhattisgarh,Metalwork,Lost-Wax Brass & Bell Metal,7,26,2464.98,540.0,3780.0,6244.98,7806.22,1,Natural Beeswax Patina,Q2 (Apr-Jun),0.95,9812.68,74.8,18,4.46
KS-CRAFT-0271,Banarasi Brocade,Uttar Pradesh,Textiles,Mulberry Silk & Zari,15,11,4106.75,620.0,9300.0,13406.75,16758.44,1,Vegetable Dye Blend,Q2 (Apr-Jun),0.95,18779.61,83.7,15,4.98
KS-CRAFT-0272,Jaipur Blue Pottery,Rajasthan,Pottery,"Quartz Powder, Fuller's Earth & Glass",5,30,483.9,580.0,2900.0,3383.9,4229.88,1,Cobalt Oxide Blue Glaze,Q4 (Oct-Dec),1.45,8523.63,100.0,21,4.49
KS-CRAFT-0273,Kashmiri Pashmina,Jammu & Kashmir,Textiles,Grade-A Changthangi Cashmere,16,38,9239.47,750.0,12000.0,21239.47,26549.34,1,Walnut Hull & Saffron Tint,Q2 (Apr-Jun),0.95,34101.17,73.3,14,5.0
KS-CRAFT-0274,Bastar Wrought Iron,Chhattisgarh,Metalwork,Hand-Forged Recycled Iron,7,37,1493.5,540.0,3780.0,5273.5,6591.88,1,Black Oxide Patina,Q2 (Apr-Jun),0.95,8859.85,76.1,17,4.57
KS-CRAFT-0275,Kashmiri Pashmina,Jammu & Kashmir,Textiles,Grade-A Changthangi Cashmere,19,4,7069.14,750.0,14250.0,21319.14,26648.92,1,Walnut Hull & Saffron Tint,Q3 (Jul-Sep),1.15,34615.48,98.1,19,5.0
KS-CRAFT-0276,Kullu Geometric Shawls,Himachal Pradesh,Textiles,Indigenous Himalayan Sheep Wool,9,17,1851.18,560.0,5040.0,6891.18,8613.98,0,Natural Unbleached Wool Hues,Q3 (Jul-Sep),1.15,10584.57,78.6,17,4.85
KS-CRAFT-0277,Pochampally Ikat,Telangana,Textiles,Pure Handloom Silk,9,14,2122.49,680.0,6120.0,8242.49,10303.11,1,Vegetable Dye Blend,Q2 (Apr-Jun),0.95,12533.32,80.5,20,4.66
KS-CRAFT-0278,Ajrakh Handblock Print,Gujarat,Textiles,Organic Modal Cotton,7,34,2022.55,600.0,4200.0,6222.55,7778.19,1,16-Stage Natural Indigo & Madder,Q2 (Apr-Jun),0.95,10032.19,72.6,14,4.6
KS-CRAFT-0279,Bastar Wrought Iron,Chhattisgarh,Metalwork,Hand-Forged Recycled Iron,2,15,764.91,540.0,1080.0,1844.91,2306.14,1,Black Oxide Patina,Q4 (Oct-Dec),1.45,4264.92,100.0,25,4.53
KS-CRAFT-0280,Pochampally Ikat,Telangana,Textiles,Pure Handloom Silk,5,36,3213.35,680.0,3400.0,6613.35,8266.69,1,Natural Indigo/Madder,Q2 (Apr-Jun),0.95,10628.86,83.7,17,4.68
KS-CRAFT-0281,Channapatna Lacquerware,Karnataka,Woodcraft,Seasoned Hale Wood & Vegetable Lac,2,30,933.1,650.0,1300.0,2233.1,2791.38,1,Natural Vegetable Resins,Q3 (Jul-Sep),1.15,4351.13,89.8,23,4.82
KS-CRAFT-0282,Kashmiri Pashmina,Jammu & Kashmir,Textiles,Grade-A Changthangi Cashmere,14,14,10822.55,750.0,10500.0,21322.55,26653.19,1,Pure Natural Cashmere,Q3 (Jul-Sep),1.15,36687.92,97.0,25,5.0
KS-CRAFT-0283,Jaipur Blue Pottery,Rajasthan,Pottery,"Quartz Powder, Fuller's Earth & Glass",3,17,1142.75,580.0,1740.0,2882.75,3603.44,1,Cobalt Oxide Blue Glaze,Q1 (Jan-Mar),1.1,5211.25,85.4,20,4.51
KS-CRAFT-0284,Ajrakh Handblock Print,Gujarat,Textiles,Organic Modal Cotton,8,8,1927.98,600.0,4800.0,6727.98,8409.97,1,Pomegranate Rind Extract,Q2 (Apr-Jun),0.95,9599.96,74.9,14,4.57
KS-CRAFT-0285,Channapatna Lacquerware,Karnataka,Woodcraft,Seasoned Hale Wood & Vegetable Lac,1,31,283.7,650.0,650.0,933.7,1167.12,1,Organic Turmeric & Indigo Lacquer,Q1 (Jan-Mar),1.1,1787.88,90.0,19,4.79
KS-CRAFT-0286,Banarasi Brocade,Uttar Pradesh,Textiles,Mulberry Silk & Zari,14,17,4999.17,620.0,8680.0,13679.17,17098.96,1,Metallic Zari & Organic Dip,Q4 (Oct-Dec),1.45,32171.03,100.0,17,4.82
KS-CRAFT-0287,Banarasi Brocade,Uttar Pradesh,Textiles,Mulberry Silk & Zari,10,27,2931.45,620.0,6200.0,9131.45,11414.31,1,Metallic Zari & Organic Dip,Q1 (Jan-Mar),1.1,16629.37,95.2,17,4.9
KS-CRAFT-0288,Kashmiri Pashmina,Jammu & Kashmir,Textiles,Grade-A Changthangi Cashmere,7,13,8597.57,750.0,5250.0,13847.57,17309.46,1,Pure Natural Cashmere,Q4 (Oct-Dec),1.45,29993.0,100.0,19,4.85
KS-CRAFT-0289,Bastar Wrought Iron,Chhattisgarh,Metalwork,Hand-Forged Recycled Iron,7,18,709.68,540.0,3780.0,4489.68,5612.1,1,Black Oxide Patina,Q3 (Jul-Sep),1.15,8228.94,98.5,18,4.54
KS-CRAFT-0290,Jaipur Blue Pottery,Rajasthan,Pottery,"Quartz Powder, Fuller's Earth & Glass",4,33,1397.48,580.0,2320.0,3717.48,4646.85,1,Cobalt Oxide Blue Glaze,Q1 (Jan-Mar),1.1,6715.98,91.8,24,4.57
KS-CRAFT-0291,Banarasi Brocade,Uttar Pradesh,Textiles,Mulberry Silk & Zari,11,19,4225.06,620.0,6820.0,11045.06,13806.32,1,Vegetable Dye Blend,Q3 (Jul-Sep),1.15,19563.35,99.1,20,4.86
KS-CRAFT-0292,Channapatna Lacquerware,Karnataka,Woodcraft,Seasoned Hale Wood & Vegetable Lac,4,20,434.38,650.0,2600.0,3034.38,3792.98,1,Organic Turmeric & Indigo Lacquer,Q4 (Oct-Dec),1.45,7202.33,100.0,18,4.74
KS-CRAFT-0293,Bastar Wrought Iron,Chhattisgarh,Metalwork,Hand-Forged Recycled Iron,6,6,650.26,540.0,3240.0,3890.26,4862.83,1,Black Oxide Patina,Q4 (Oct-Dec),1.45,8824.45,100.0,26,4.59
KS-CRAFT-0294,Dhokra Metal Casting,Chhattisgarh,Metalwork,Lost-Wax Brass & Bell Metal,8,5,1050.01,540.0,4320.0,5370.01,6712.51,1,Natural Beeswax Patina,Q4 (Oct-Dec),1.45,11152.02,100.0,19,4.7
KS-CRAFT-0295,Dhokra Metal Casting,Chhattisgarh,Metalwork,Lost-Wax Brass & Bell Metal,6,8,981.08,540.0,3240.0,4221.08,5276.35,0,Oxidized Brass Finish,Q2 (Apr-Jun),0.95,5109.77,72.2,13,4.6
KS-CRAFT-0296,Ajrakh Handblock Print,Gujarat,Textiles,Organic Modal Cotton,3,28,1182.15,600.0,1800.0,2982.15,3727.69,1,Pomegranate Rind Extract,Q1 (Jan-Mar),1.1,5440.04,95.5,17,4.73
KS-CRAFT-0297,Kashmiri Pashmina,Jammu & Kashmir,Textiles,Grade-A Changthangi Cashmere,10,12,8437.2,750.0,7500.0,15937.2,19921.5,1,Walnut Hull & Saffron Tint,Q4 (Oct-Dec),1.45,37060.64,100.0,18,4.87
KS-CRAFT-0298,Bastar Wrought Iron,Chhattisgarh,Metalwork,Hand-Forged Recycled Iron,5,34,690.55,540.0,2700.0,3390.55,4238.19,1,Black Oxide Patina,Q3 (Jul-Sep),1.15,6320.11,91.2,17,4.6
KS-CRAFT-0299,Jaipur Blue Pottery,Rajasthan,Pottery,"Quartz Powder, Fuller's Earth & Glass",5,24,1473.01,580.0,2900.0,4373.01,5466.26,1,Cobalt Oxide Blue Glaze,Q1 (Jan-Mar),1.1,8012.37,95.5,24,4.46
KS-CRAFT-0300,Channapatna Lacquerware,Karnataka,Woodcraft,Seasoned Hale Wood & Vegetable Lac,3,9,839.99,650.0,1950.0,2789.99,3487.49,0,Organic Turmeric & Indigo Lacquer,Q3 (Jul-Sep),1.15,4079.77,88.2,19,4.86
KS-CRAFT-0301,Channapatna Lacquerware,Karnataka,Woodcraft,Seasoned Hale Wood & Vegetable Lac,5,15,701.89,650.0,3250.0,3951.89,4939.86,1,Natural Vegetable Resins,Q4 (Oct-Dec),1.45,9156.91,100.0,25,4.86
KS-CRAFT-0302,Bastar Wrought Iron,Chhattisgarh,Metalwork,Hand-Forged Recycled Iron,2,35,742.24,540.0,1080.0,1822.24,2277.8,1,Charcoal Forge Oxidation,Q2 (Apr-Jun),0.95,2857.82,82.9,16,4.46
KS-CRAFT-0303,Pochampally Ikat,Telangana,Textiles,Pure Handloom Silk,3,15,3586.88,680.0,2040.0,5626.88,7033.6,1,Vegetable Dye Blend,Q4 (Oct-Dec),1.45,12740.71,100.0,18,4.66
KS-CRAFT-0304,Ajrakh Handblock Print,Gujarat,Textiles,Organic Modal Cotton,7,33,1269.16,600.0,4200.0,5469.16,6836.45,1,Pomegranate Rind Extract,Q4 (Oct-Dec),1.45,13206.7,100.0,20,4.76
KS-CRAFT-0305,Banarasi Brocade,Uttar Pradesh,Textiles,Mulberry Silk & Zari,5,13,3862.23,620.0,3100.0,6962.23,8702.79,1,Metallic Zari & Organic Dip,Q3 (Jul-Sep),1.15,12817.86,96.0,22,4.82
KS-CRAFT-0306,Jaipur Blue Pottery,Rajasthan,Pottery,"Quartz Powder, Fuller's Earth & Glass",2,11,995.21,580.0,1160.0,2155.21,2694.01,1,Cobalt Oxide Blue Glaze,Q1 (Jan-Mar),1.1,3532.0,91.5,23,4.63
KS-CRAFT-0307,Channapatna Lacquerware,Karnataka,Woodcraft,Seasoned Hale Wood & Vegetable Lac,4,32,846.11,650.0,2600.0,3446.11,4307.64,1,Natural Vegetable Resins,Q4 (Oct-Dec),1.45,8250.73,100.0,23,4.8
KS-CRAFT-0308,Pochampally Ikat,Telangana,Textiles,Pure Handloom Silk,7,9,1976.04,680.0,4760.0,6736.04,8420.05,1,Vegetable Dye Blend,Q3 (Jul-Sep),1.15,12321.27,95.9,24,4.72
KS-CRAFT-0309,Channapatna Lacquerware,Karnataka,Woodcraft,Seasoned Hale Wood & Vegetable Lac,2,18,612.11,650.0,1300.0,1912.11,2390.14,1,Natural Vegetable Resins,Q2 (Apr-Jun),0.95,2920.39,80.3,19,4.81
KS-CRAFT-0310,Channapatna Lacquerware,Karnataka,Woodcraft,Seasoned Hale Wood & Vegetable Lac,4,5,533.22,650.0,2600.0,3133.22,3916.52,1,Organic Turmeric & Indigo Lacquer,Q3 (Jul-Sep),1.15,5278.91,96.8,23,4.81
KS-CRAFT-0311,Kullu Geometric Shawls,Himachal Pradesh,Textiles,Indigenous Himalayan Sheep Wool,7,13,1340.35,560.0,3920.0,5260.35,6575.44,1,Natural Unbleached Wool Hues,Q3 (Jul-Sep),1.15,9162.89,93.7,22,4.83
KS-CRAFT-0312,Bastar Wrought Iron,Chhattisgarh,Metalwork,Hand-Forged Recycled Iron,7,8,1389.55,540.0,3780.0,5169.55,6461.94,1,Charcoal Forge Oxidation,Q2 (Apr-Jun),0.95,7594.78,75.5,18,4.53
KS-CRAFT-0313,Channapatna Lacquerware,Karnataka,Woodcraft,Seasoned Hale Wood & Vegetable Lac,4,33,845.85,650.0,2600.0,3445.85,4307.31,1,Organic Turmeric & Indigo Lacquer,Q3 (Jul-Sep),1.15,6684.25,90.1,16,4.82
KS-CRAFT-0314,Bastar Wrought Iron,Chhattisgarh,Metalwork,Hand-Forged Recycled Iron,5,12,459.47,540.0,2700.0,3159.47,3949.34,1,Charcoal Forge Oxidation,Q3 (Jul-Sep),1.15,5504.64,100.0,25,4.7
KS-CRAFT-0315,Mithila Madhubani,Bihar,Folk Painting,Handmade Recycled Paper & Canvas,7,8,462.32,520.0,3640.0,4102.32,5127.9,1,Natural Plant Extracts (Haldi/Neel),Q3 (Jul-Sep),1.15,6991.85,88.3,19,4.6
KS-CRAFT-0316,Mithila Madhubani,Bihar,Folk Painting,Handmade Recycled Paper & Canvas,5,8,1006.69,520.0,2600.0,3606.69,4508.36,1,Organic Mineral Pigments,Q2 (Apr-Jun),0.95,5242.0,76.7,20,4.65
KS-CRAFT-0317,Pochampally Ikat,Telangana,Textiles,Pure Handloom Silk,8,23,3670.18,680.0,5440.0,9110.18,11387.73,1,Natural Indigo/Madder,Q2 (Apr-Jun),0.95,13341.8,71.5,17,4.71
KS-CRAFT-0318,Ajrakh Handblock Print,Gujarat,Textiles,Organic Modal Cotton,4,35,754.06,600.0,2400.0,3154.06,3942.57,1,16-Stage Natural Indigo & Madder,Q3 (Jul-Sep),1.15,5921.45,88.2,23,4.66
KS-CRAFT-0319,Bastar Wrought Iron,Chhattisgarh,Metalwork,Hand-Forged Recycled Iron,5,11,1376.77,540.0,2700.0,4076.77,5095.96,1,Black Oxide Patina,Q3 (Jul-Sep),1.15,7081.1,90.0,23,4.68
KS-CRAFT-0320,Jaipur Blue Pottery,Rajasthan,Pottery,"Quartz Powder, Fuller's Earth & Glass",3,11,707.97,580.0,1740.0,2447.97,3059.96,1,Cobalt Oxide Blue Glaze,Q1 (Jan-Mar),1.1,4161.21,85.7,18,4.61
KS-CRAFT-0321,Pochampally Ikat,Telangana,Textiles,Pure Handloom Silk,7,6,3205.25,680.0,4760.0,7965.25,9956.56,1,Natural Indigo/Madder,Q4 (Oct-Dec),1.45,17548.63,100.0,17,4.82
KS-CRAFT-0322,Jaipur Blue Pottery,Rajasthan,Pottery,"Quartz Powder, Fuller's Earth & Glass",5,19,592.13,580.0,2900.0,3492.13,4365.16,1,Cobalt Oxide Blue Glaze,Q4 (Oct-Dec),1.45,7815.37,100.0,17,4.56
KS-CRAFT-0323,Banarasi Brocade,Uttar Pradesh,Textiles,Mulberry Silk & Zari,14,11,4804.23,620.0,8680.0,13484.23,16855.29,1,Metallic Zari & Organic Dip,Q3 (Jul-Sep),1.15,23779.55,95.6,19,4.95
KS-CRAFT-0324,Kullu Geometric Shawls,Himachal Pradesh,Textiles,Indigenous Himalayan Sheep Wool,7,19,1159.55,560.0,3920.0,5079.55,6349.44,1,Natural Unbleached Wool Hues,Q2 (Apr-Jun),0.95,7563.79,76.8,14,4.79
KS-CRAFT-0325,Dhokra Metal Casting,Chhattisgarh,Metalwork,Lost-Wax Brass & Bell Metal,9,3,1345.56,540.0,4860.0,6205.56,7756.95,1,Natural Beeswax Patina,Q4 (Oct-Dec),1.45,13700.14,100.0,19,4.47
KS-CRAFT-0326,Bastar Wrought Iron,Chhattisgarh,Metalwork,Hand-Forged Recycled Iron,7,19,1195.93,540.0,3780.0,4975.93,6219.91,1,Black Oxide Patina,Q1 (Jan-Mar),1.1,9122.84,87.4,19,4.47
KS-CRAFT-0327,Mithila Madhubani,Bihar,Folk Painting,Handmade Recycled Paper & Canvas,4,23,624.19,520.0,2080.0,2704.19,3380.24,1,Natural Plant Extracts (Haldi/Neel),Q1 (Jan-Mar),1.1,4622.33,93.4,16,4.76
KS-CRAFT-0328,Mithila Madhubani,Bihar,Folk Painting,Handmade Recycled Paper & Canvas,4,20,1105.07,520.0,2080.0,3185.07,3981.34,1,Natural Plant Extracts (Haldi/Neel),Q3 (Jul-Sep),1.15,5776.0,92.0,17,4.65
KS-CRAFT-0329,Kullu Geometric Shawls,Himachal Pradesh,Textiles,Indigenous Himalayan Sheep Wool,9,33,1494.29,560.0,5040.0,6534.29,8167.86,1,Natural Unbleached Wool Hues,Q3 (Jul-Sep),1.15,12223.23,96.6,17,4.89
KS-CRAFT-0330,Mithila Madhubani,Bihar,Folk Painting,Handmade Recycled Paper & Canvas,5,33,1120.1,520.0,2600.0,3720.1,4650.12,1,Organic Mineral Pigments,Q1 (Jan-Mar),1.1,6703.1,88.5,18,4.56
KS-CRAFT-0331,Mithila Madhubani,Bihar,Folk Painting,Handmade Recycled Paper & Canvas,5,29,401.64,520.0,2600.0,3001.64,3752.05,1,Natural Plant Extracts (Haldi/Neel),Q4 (Oct-Dec),1.45,7064.61,100.0,24,4.72
KS-CRAFT-0332,Kashmiri Pashmina,Jammu & Kashmir,Textiles,Grade-A Changthangi Cashmere,17,9,9431.45,750.0,12750.0,22181.45,27726.81,1,Walnut Hull & Saffron Tint,Q2 (Apr-Jun),0.95,31914.0,80.1,18,4.84
KS-CRAFT-0333,Bastar Wrought Iron,Chhattisgarh,Metalwork,Hand-Forged Recycled Iron,2,13,1107.74,540.0,1080.0,2187.74,2734.67,1,Black Oxide Patina,Q1 (Jan-Mar),1.1,3850.69,94.9,17,4.57
KS-CRAFT-0334,Dhokra Metal Casting,Chhattisgarh,Metalwork,Lost-Wax Brass & Bell Metal,8,17,995.67,540.0,4320.0,5315.67,6644.59,1,Oxidized Brass Finish,Q3 (Jul-Sep),1.15,9537.53,90.6,19,4.65
KS-CRAFT-0335,Kullu Geometric Shawls,Himachal Pradesh,Textiles,Indigenous Himalayan Sheep Wool,9,23,1697.22,560.0,5040.0,6737.22,8421.52,1,Vegetable Dye Borders,Q1 (Jan-Mar),1.1,12288.43,83.8,17,4.66
KS-CRAFT-0336,Bastar Wrought Iron,Chhattisgarh,Metalwork,Hand-Forged Recycled Iron,2,22,1270.96,540.0,1080.0,2350.96,2938.7,1,Charcoal Forge Oxidation,Q1 (Jan-Mar),1.1,4231.43,89.5,18,4.66
KS-CRAFT-0337,Dhokra Metal Casting,Chhattisgarh,Metalwork,Lost-Wax Brass & Bell Metal,9,33,1964.29,540.0,4860.0,6824.29,8530.36,1,Oxidized Brass Finish,Q4 (Oct-Dec),1.45,17094.91,100.0,24,4.51
KS-CRAFT-0338,Ajrakh Handblock Print,Gujarat,Textiles,Organic Modal Cotton,8,21,2046.65,600.0,4800.0,6846.65,8558.31,1,Pomegranate Rind Extract,Q3 (Jul-Sep),1.15,12884.62,88.2,16,4.59
KS-CRAFT-0339,Jaipur Blue Pottery,Rajasthan,Pottery,"Quartz Powder, Fuller's Earth & Glass",4,15,1152.48,580.0,2320.0,3472.48,4340.6,1,Copper Oxide Green Glaze,Q1 (Jan-Mar),1.1,5793.82,94.3,18,4.53
KS-CRAFT-0340,Jaipur Blue Pottery,Rajasthan,Pottery,"Quartz Powder, Fuller's Earth & Glass",6,31,591.7,580.0,3480.0,4071.7,5089.62,1,Cobalt Oxide Blue Glaze,Q1 (Jan-Mar),1.1,7855.62,83.6,20,4.59
KS-CRAFT-0341,Jaipur Blue Pottery,Rajasthan,Pottery,"Quartz Powder, Fuller's Earth & Glass",6,14,1348.24,580.0,3480.0,4828.24,6035.3,1,Cobalt Oxide Blue Glaze,Q4 (Oct-Dec),1.45,11124.22,100.0,21,4.6
KS-CRAFT-0342,Ajrakh Handblock Print,Gujarat,Textiles,Organic Modal Cotton,6,18,2069.25,600.0,3600.0,5669.25,7086.56,1,Pomegranate Rind Extract,Q4 (Oct-Dec),1.45,13615.17,100.0,18,4.65
KS-CRAFT-0343,Bastar Wrought Iron,Chhattisgarh,Metalwork,Hand-Forged Recycled Iron,7,23,1002.59,540.0,3780.0,4782.59,5978.24,1,Charcoal Forge Oxidation,Q3 (Jul-Sep),1.15,8639.91,95.7,19,4.54
KS-CRAFT-0344,Mithila Madhubani,Bihar,Folk Painting,Handmade Recycled Paper & Canvas,6,23,788.24,520.0,3120.0,3908.24,4885.3,1,Organic Mineral Pigments,Q2 (Apr-Jun),0.95,6047.54,79.1,20,4.73
KS-CRAFT-0345,Bastar Wrought Iron,Chhattisgarh,Metalwork,Hand-Forged Recycled Iron,5,36,1289.14,540.0,2700.0,3989.14,4986.43,1,Black Oxide Patina,Q3 (Jul-Sep),1.15,7583.4,96.3,18,4.64
KS-CRAFT-0346,Mithila Madhubani,Bihar,Folk Painting,Handmade Recycled Paper & Canvas,7,6,525.5,520.0,3640.0,4165.5,5206.88,1,Organic Mineral Pigments,Q3 (Jul-Sep),1.15,6953.67,94.6,19,4.66
KS-CRAFT-0347,Kashmiri Pashmina,Jammu & Kashmir,Textiles,Grade-A Changthangi Cashmere,24,35,8194.42,750.0,18000.0,26194.42,32743.02,1,Pure Natural Cashmere,Q2 (Apr-Jun),0.95,43263.07,72.1,15,4.9
KS-CRAFT-0348,Ajrakh Handblock Print,Gujarat,Textiles,Organic Modal Cotton,3,15,1715.5,600.0,1800.0,3515.5,4394.38,1,Pomegranate Rind Extract,Q1 (Jan-Mar),1.1,6232.76,95.4,22,4.71
KS-CRAFT-0349,Kashmiri Pashmina,Jammu & Kashmir,Textiles,Grade-A Changthangi Cashmere,13,14,7294.69,750.0,9750.0,17044.69,21305.86,0,Walnut Hull & Saffron Tint,Q2 (Apr-Jun),0.95,21196.05,63.8,14,4.89
KS-CRAFT-0350,Jaipur Blue Pottery,Rajasthan,Pottery,"Quartz Powder, Fuller's Earth & Glass",6,13,753.88,580.0,3480.0,4233.88,5292.35,1,Copper Oxide Green Glaze,Q3 (Jul-Sep),1.15,7160.12,93.6,24,4.46
KS-CRAFT-0351,Ajrakh Handblock Print,Gujarat,Textiles,Organic Modal Cotton,8,22,1523.41,600.0,4800.0,6323.41,7904.26,1,Pomegranate Rind Extract,Q1 (Jan-Mar),1.1,10735.7,92.7,20,4.79
KS-CRAFT-0352,Bastar Wrought Iron,Chhattisgarh,Metalwork,Hand-Forged Recycled Iron,6,37,575.31,540.0,3240.0,3815.31,4769.14,1,Charcoal Forge Oxidation,Q1 (Jan-Mar),1.1,7112.89,95.0,22,4.53
KS-CRAFT-0353,Channapatna Lacquerware,Karnataka,Woodcraft,Seasoned Hale Wood & Vegetable Lac,5,38,621.35,650.0,3250.0,3871.35,4839.19,1,Organic Turmeric & Indigo Lacquer,Q2 (Apr-Jun),0.95,6111.83,76.0,15,4.81
KS-CRAFT-0354,Kashmiri Pashmina,Jammu & Kashmir,Textiles,Grade-A Changthangi Cashmere,8,23,10984.24,750.0,6000.0,16984.24,21230.3,1,Walnut Hull & Saffron Tint,Q2 (Apr-Jun),0.95,25824.9,78.5,15,5.0
KS-CRAFT-0355,Ajrakh Handblock Print,Gujarat,Textiles,Organic Modal Cotton,6,15,665.78,600.0,3600.0,4265.78,5332.22,1,16-Stage Natural Indigo & Madder,Q4 (Oct-Dec),1.45,10082.34,100.0,26,4.68
KS-CRAFT-0356,Pochampally Ikat,Telangana,Textiles,Pure Handloom Silk,6,16,2942.87,680.0,4080.0,7022.87,8778.59,1,Vegetable Dye Blend,Q1 (Jan-Mar),1.1,12515.82,86.2,21,4.87
KS-CRAFT-0357,Jaipur Blue Pottery,Rajasthan,Pottery,"Quartz Powder, Fuller's Earth & Glass",3,24,477.32,580.0,1740.0,2217.32,2771.65,1,Cobalt Oxide Blue Glaze,Q1 (Jan-Mar),1.1,3791.11,93.9,21,4.59
KS-CRAFT-0358,Dhokra Metal Casting,Chhattisgarh,Metalwork,Lost-Wax Brass & Bell Metal,10,28,1637.26,540.0,5400.0,7037.26,8796.58,1,Natural Beeswax Patina,Q3 (Jul-Sep),1.15,13248.24,89.1,15,4.63
KS-CRAFT-0359,Banarasi Brocade,Uttar Pradesh,Textiles,Mulberry Silk & Zari,16,25,5847.48,620.0,9920.0,15767.48,19709.35,0,Metallic Zari & Organic Dip,Q1 (Jan-Mar),1.1,24121.63,80.9,18,4.82
KS-CRAFT-0360,Kullu Geometric Shawls,Himachal Pradesh,Textiles,Indigenous Himalayan Sheep Wool,6,4,2279.82,560.0,3360.0,5639.82,7049.77,1,Natural Unbleached Wool Hues,Q4 (Oct-Dec),1.45,11674.51,100.0,24,4.79
KS-CRAFT-0361,Mithila Madhubani,Bihar,Folk Painting,Handmade Recycled Paper & Canvas,7,26,1098.28,520.0,3640.0,4738.28,5922.85,0,Natural Plant Extracts (Haldi/Neel),Q3 (Jul-Sep),1.15,7814.91,82.7,15,4.55
KS-CRAFT-0362,Kashmiri Pashmina,Jammu & Kashmir,Textiles,Grade-A Changthangi Cashmere,24,8,9701.49,750.0,18000.0,27701.49,34626.86,1,Pure Natural Cashmere,Q4 (Oct-Dec),1.45,58919.38,100.0,25,4.84
KS-CRAFT-0363,Mithila Madhubani,Bihar,Folk Painting,Handmade Recycled Paper & Canvas,6,15,1051.27,520.0,3120.0,4171.27,5214.09,1,Natural Plant Extracts (Haldi/Neel),Q2 (Apr-Jun),0.95,6400.04,83.6,22,4.67
KS-CRAFT-0364,Bastar Wrought Iron,Chhattisgarh,Metalwork,Hand-Forged Recycled Iron,4,19,1138.85,540.0,2160.0,3298.85,4123.56,1,Black Oxide Patina,Q1 (Jan-Mar),1.1,6026.88,88.2,20,4.51
KS-CRAFT-0365,Channapatna Lacquerware,Karnataka,Woodcraft,Seasoned Hale Wood & Vegetable Lac,2,31,472.45,650.0,1300.0,1772.45,2215.56,1,Natural Vegetable Resins,Q1 (Jan-Mar),1.1,3332.09,85.5,19,4.85
KS-CRAFT-0366,Jaipur Blue Pottery,Rajasthan,Pottery,"Quartz Powder, Fuller's Earth & Glass",2,17,810.2,580.0,1160.0,1970.2,2462.75,1,Copper Oxide Green Glaze,Q2 (Apr-Jun),0.95,2883.25,76.1,18,4.53
KS-CRAFT-0367,Kullu Geometric Shawls,Himachal Pradesh,Textiles,Indigenous Himalayan Sheep Wool,6,22,1445.73,560.0,3360.0,4805.73,6007.16,1,Natural Unbleached Wool Hues,Q4 (Oct-Dec),1.45,10869.49,100.0,25,4.86
KS-CRAFT-0368,Mithila Madhubani,Bihar,Folk Painting,Handmade Recycled Paper & Canvas,4,7,960.19,520.0,2080.0,3040.19,3800.24,1,Natural Plant Extracts (Haldi/Neel),Q2 (Apr-Jun),0.95,4490.26,79.7,19,4.69
KS-CRAFT-0369,Kashmiri Pashmina,Jammu & Kashmir,Textiles,Grade-A Changthangi Cashmere,8,37,9740.14,750.0,6000.0,15740.14,19675.17,1,Pure Natural Cashmere,Q2 (Apr-Jun),0.95,26118.47,73.4,15,5.0
KS-CRAFT-0370,Kashmiri Pashmina,Jammu & Kashmir,Textiles,Grade-A Changthangi Cashmere,11,35,8914.66,750.0,8250.0,17164.66,21455.83,1,Pure Natural Cashmere,Q3 (Jul-Sep),1.15,33681.65,96.2,24,5.0
KS-CRAFT-0371,Kashmiri Pashmina,Jammu & Kashmir,Textiles,Grade-A Changthangi Cashmere,23,13,5833.52,750.0,17250.0,23083.52,28854.4,1,Walnut Hull & Saffron Tint,Q2 (Apr-Jun),0.95,34700.22,77.8,16,4.85
KS-CRAFT-0372,Kullu Geometric Shawls,Himachal Pradesh,Textiles,Indigenous Himalayan Sheep Wool,3,17,1275.84,560.0,1680.0,2955.84,3694.8,1,Natural Unbleached Wool Hues,Q2 (Apr-Jun),0.95,4431.31,81.8,17,4.88
KS-CRAFT-0373,Pochampally Ikat,Telangana,Textiles,Pure Handloom Silk,8,36,1468.39,680.0,5440.0,6908.39,8635.49,1,Vegetable Dye Blend,Q1 (Jan-Mar),1.1,13450.75,87.0,19,4.69
KS-CRAFT-0374,Jaipur Blue Pottery,Rajasthan,Pottery,"Quartz Powder, Fuller's Earth & Glass",6,7,1201.34,580.0,3480.0,4681.34,5851.68,1,Copper Oxide Green Glaze,Q3 (Jul-Sep),1.15,8468.4,90.5,19,4.65
KS-CRAFT-0375,Ajrakh Handblock Print,Gujarat,Textiles,Organic Modal Cotton,6,3,1930.76,600.0,3600.0,5530.76,6913.45,1,16-Stage Natural Indigo & Madder,Q4 (Oct-Dec),1.45,11747.79,100.0,22,4.62
KS-CRAFT-0376,Mithila Madhubani,Bihar,Folk Painting,Handmade Recycled Paper & Canvas,3,10,626.0,520.0,1560.0,2186.0,2732.5,1,Organic Mineral Pigments,Q2 (Apr-Jun),0.95,3263.4,80.8,17,4.67
KS-CRAFT-0377,Dhokra Metal Casting,Chhattisgarh,Metalwork,Lost-Wax Brass & Bell Metal,10,5,942.65,540.0,5400.0,6342.65,7928.31,1,Natural Beeswax Patina,Q2 (Apr-Jun),0.95,8642.7,78.1,20,4.49
KS-CRAFT-0378,Mithila Madhubani,Bihar,Folk Painting,Handmade Recycled Paper & Canvas,3,28,764.98,520.0,1560.0,2324.98,2906.22,1,Natural Plant Extracts (Haldi/Neel),Q3 (Jul-Sep),1.15,4591.22,97.0,24,4.79
KS-CRAFT-0379,Dhokra Metal Casting,Chhattisgarh,Metalwork,Lost-Wax Brass & Bell Metal,11,13,2547.87,540.0,5940.0,8487.87,10609.84,1,Oxidized Brass Finish,Q4 (Oct-Dec),1.45,19220.3,100.0,25,4.5
KS-CRAFT-0380,Bastar Wrought Iron,Chhattisgarh,Metalwork,Hand-Forged Recycled Iron,3,24,1196.61,540.0,1620.0,2816.61,3520.76,0,Charcoal Forge Oxidation,Q3 (Jul-Sep),1.15,4457.56,80.5,15,4.5
KS-CRAFT-0381,Bastar Wrought Iron,Chhattisgarh,Metalwork,Hand-Forged Recycled Iron,3,14,1066.06,540.0,1620.0,2686.06,3357.57,1,Charcoal Forge Oxidation,Q4 (Oct-Dec),1.45,6276.87,100.0,24,4.47
KS-CRAFT-0382,Mithila Madhubani,Bihar,Folk Painting,Handmade Recycled Paper & Canvas,7,36,884.31,520.0,3640.0,4524.31,5655.39,1,Natural Plant Extracts (Haldi/Neel),Q1 (Jan-Mar),1.1,8693.06,89.1,23,4.67
KS-CRAFT-0383,Jaipur Blue Pottery,Rajasthan,Pottery,"Quartz Powder, Fuller's Earth & Glass",6,9,1375.31,580.0,3480.0,4855.31,6069.14,1,Copper Oxide Green Glaze,Q3 (Jul-Sep),1.15,8452.33,90.6,23,4.52
KS-CRAFT-0384,Bastar Wrought Iron,Chhattisgarh,Metalwork,Hand-Forged Recycled Iron,4,3,607.92,540.0,2160.0,2767.92,3459.9,1,Charcoal Forge Oxidation,Q4 (Oct-Dec),1.45,5926.06,100.0,19,4.65
KS-CRAFT-0385,Jaipur Blue Pottery,Rajasthan,Pottery,"Quartz Powder, Fuller's Earth & Glass",2,19,628.0,580.0,1160.0,1788.0,2235.0,1,Copper Oxide Green Glaze,Q3 (Jul-Sep),1.15,3289.88,95.5,25,4.55
KS-CRAFT-0386,Dhokra Metal Casting,Chhattisgarh,Metalwork,Lost-Wax Brass & Bell Metal,12,33,2389.2,540.0,6480.0,8869.2,11086.5,1,Oxidized Brass Finish,Q4 (Oct-Dec),1.45,21222.13,100.0,20,4.63
KS-CRAFT-0387,Mithila Madhubani,Bihar,Folk Painting,Handmade Recycled Paper & Canvas,7,13,506.79,520.0,3640.0,4146.79,5183.49,1,Organic Mineral Pigments,Q1 (Jan-Mar),1.1,7252.94,94.0,21,4.72
KS-CRAFT-0388,Pochampally Ikat,Telangana,Textiles,Pure Handloom Silk,9,3,3707.88,680.0,6120.0,9827.88,12284.85,1,Natural Indigo/Madder,Q2 (Apr-Jun),0.95,13720.15,79.3,14,4.72
KS-CRAFT-0389,Ajrakh Handblock Print,Gujarat,Textiles,Organic Modal Cotton,7,27,656.63,600.0,4200.0,4856.63,6070.79,0,Pomegranate Rind Extract,Q1 (Jan-Mar),1.1,7741.55,78.8,18,4.7
KS-CRAFT-0390,Mithila Madhubani,Bihar,Folk Painting,Handmade Recycled Paper & Canvas,5,36,309.64,520.0,2600.0,2909.64,3637.05,1,Natural Plant Extracts (Haldi/Neel),Q4 (Oct-Dec),1.45,7431.22,100.0,23,4.7
KS-CRAFT-0391,Pochampally Ikat,Telangana,Textiles,Pure Handloom Silk,6,13,2903.05,680.0,4080.0,6983.05,8728.81,1,Vegetable Dye Blend,Q3 (Jul-Sep),1.15,12760.98,92.2,19,4.8
KS-CRAFT-0392,Bastar Wrought Iron,Chhattisgarh,Metalwork,Hand-Forged Recycled Iron,7,8,1173.98,540.0,3780.0,4953.98,6192.47,1,Black Oxide Patina,Q1 (Jan-Mar),1.1,8104.02,94.2,18,4.69
KS-CRAFT-0393,Kullu Geometric Shawls,Himachal Pradesh,Textiles,Indigenous Himalayan Sheep Wool,7,14,808.37,560.0,3920.0,4728.37,5910.46,1,Natural Unbleached Wool Hues,Q4 (Oct-Dec),1.45,10712.88,100.0,20,4.68
KS-CRAFT-0394,Bastar Wrought Iron,Chhattisgarh,Metalwork,Hand-Forged Recycled Iron,6,19,1294.46,540.0,3240.0,4534.46,5668.07,1,Black Oxide Patina,Q3 (Jul-Sep),1.15,8342.08,97.6,23,4.69
KS-CRAFT-0395,Kullu Geometric Shawls,Himachal Pradesh,Textiles,Indigenous Himalayan Sheep Wool,7,33,2351.64,560.0,3920.0,6271.64,7839.55,1,Natural Unbleached Wool Hues,Q4 (Oct-Dec),1.45,15203.02,100.0,19,4.83
KS-CRAFT-0396,Ajrakh Handblock Print,Gujarat,Textiles,Organic Modal Cotton,5,3,1374.76,600.0,3000.0,4374.76,5468.45,1,Pomegranate Rind Extract,Q4 (Oct-Dec),1.45,9114.98,100.0,23,4.76
KS-CRAFT-0397,Banarasi Brocade,Uttar Pradesh,Textiles,Mulberry Silk & Zari,12,16,3549.65,620.0,7440.0,10989.65,13737.06,1,Vegetable Dye Blend,Q2 (Apr-Jun),0.95,15856.29,81.2,21,4.8
KS-CRAFT-0398,Dhokra Metal Casting,Chhattisgarh,Metalwork,Lost-Wax Brass & Bell Metal,7,16,2558.21,540.0,3780.0,6338.21,7922.76,1,Natural Beeswax Patina,Q2 (Apr-Jun),0.95,9755.95,76.1,18,4.48
KS-CRAFT-0399,Banarasi Brocade,Uttar Pradesh,Textiles,Mulberry Silk & Zari,14,37,2228.48,620.0,8680.0,10908.48,13635.6,0,Vegetable Dye Blend,Q4 (Oct-Dec),1.45,23361.88,100.0,25,4.97
KS-CRAFT-0400,Kashmiri Pashmina,Jammu & Kashmir,Textiles,Grade-A Changthangi Cashmere,22,35,6237.28,750.0,16500.0,22737.28,28421.6,1,Walnut Hull & Saffron Tint,Q3 (Jul-Sep),1.15,45711.93,89.2,20,4.91
KS-CRAFT-0401,Bastar Wrought Iron,Chhattisgarh,Metalwork,Hand-Forged Recycled Iron,6,14,782.02,540.0,3240.0,4022.02,5027.52,1,Charcoal Forge Oxidation,Q1 (Jan-Mar),1.1,7007.96,89.5,21,4.45
KS-CRAFT-0402,Dhokra Metal Casting,Chhattisgarh,Metalwork,Lost-Wax Brass & Bell Metal,5,19,1518.33,540.0,2700.0,4218.33,5272.91,1,Oxidized Brass Finish,Q4 (Oct-Dec),1.45,9471.07,100.0,23,4.54
KS-CRAFT-0403,Kullu Geometric Shawls,Himachal Pradesh,Textiles,Indigenous Himalayan Sheep Wool,4,26,1554.37,560.0,2240.0,3794.37,4742.96,1,Vegetable Dye Borders,Q4 (Oct-Dec),1.45,8829.47,100.0,18,4.79
KS-CRAFT-0404,Dhokra Metal Casting,Chhattisgarh,Metalwork,Lost-Wax Brass & Bell Metal,8,38,2427.77,540.0,4320.0,6747.77,8434.71,1,Oxidized Brass Finish,Q1 (Jan-Mar),1.1,12438.25,94.0,22,4.57
KS-CRAFT-0405,Pochampally Ikat,Telangana,Textiles,Pure Handloom Silk,9,36,2498.95,680.0,6120.0,8618.95,10773.69,1,Vegetable Dye Blend,Q2 (Apr-Jun),0.95,14424.09,75.4,17,4.79
KS-CRAFT-0406,Jaipur Blue Pottery,Rajasthan,Pottery,"Quartz Powder, Fuller's Earth & Glass",3,19,519.04,580.0,1740.0,2259.04,2823.8,1,Cobalt Oxide Blue Glaze,Q1 (Jan-Mar),1.1,3930.96,87.9,18,4.59
KS-CRAFT-0407,Channapatna Lacquerware,Karnataka,Woodcraft,Seasoned Hale Wood & Vegetable Lac,1,25,538.23,650.0,650.0,1188.23,1485.29,1,Organic Turmeric & Indigo Lacquer,Q3 (Jul-Sep),1.15,2248.91,96.0,21,4.89
KS-CRAFT-0408,Channapatna Lacquerware,Karnataka,Woodcraft,Seasoned Hale Wood & Vegetable Lac,3,34,721.23,650.0,1950.0,2671.23,3339.04,1,Natural Vegetable Resins,Q3 (Jul-Sep),1.15,5419.55,92.5,18,4.81
KS-CRAFT-0409,Mithila Madhubani,Bihar,Folk Painting,Handmade Recycled Paper & Canvas,7,24,1026.95,520.0,3640.0,4666.95,5833.69,1,Organic Mineral Pigments,Q2 (Apr-Jun),0.95,7458.53,72.4,13,4.61
KS-CRAFT-0410,Ajrakh Handblock Print,Gujarat,Textiles,Organic Modal Cotton,8,28,1001.21,600.0,4800.0,5801.21,7251.51,1,Pomegranate Rind Extract,Q3 (Jul-Sep),1.15,11349.25,99.8,24,4.68
KS-CRAFT-0411,Kullu Geometric Shawls,Himachal Pradesh,Textiles,Indigenous Himalayan Sheep Wool,4,4,1131.0,560.0,2240.0,3371.0,4213.75,1,Natural Unbleached Wool Hues,Q4 (Oct-Dec),1.45,7354.75,100.0,24,4.67
KS-CRAFT-0412,Mithila Madhubani,Bihar,Folk Painting,Handmade Recycled Paper & Canvas,2,33,386.0,520.0,1040.0,1426.0,1782.5,1,Natural Plant Extracts (Haldi/Neel),Q4 (Oct-Dec),1.45,3591.2,100.0,26,4.58
KS-CRAFT-0413,Kashmiri Pashmina,Jammu & Kashmir,Textiles,Grade-A Changthangi Cashmere,9,27,10720.91,750.0,6750.0,17470.91,21838.64,1,Walnut Hull & Saffron Tint,Q2 (Apr-Jun),0.95,27993.83,77.2,14,4.93
KS-CRAFT-0414,Mithila Madhubani,Bihar,Folk Painting,Handmade Recycled Paper & Canvas,2,23,897.19,520.0,1040.0,1937.19,2421.49,1,Organic Mineral Pigments,Q1 (Jan-Mar),1.1,3611.83,90.6,18,4.66
KS-CRAFT-0415,Bastar Wrought Iron,Chhattisgarh,Metalwork,Hand-Forged Recycled Iron,6,30,1057.34,540.0,3240.0,4297.34,5371.68,1,Black Oxide Patina,Q2 (Apr-Jun),0.95,7092.31,77.7,15,4.47
KS-CRAFT-0416,Channapatna Lacquerware,Karnataka,Woodcraft,Seasoned Hale Wood & Vegetable Lac,4,22,431.86,650.0,2600.0,3031.86,3789.83,1,Organic Turmeric & Indigo Lacquer,Q3 (Jul-Sep),1.15,5532.16,93.7,16,4.88
KS-CRAFT-0417,Kullu Geometric Shawls,Himachal Pradesh,Textiles,Indigenous Himalayan Sheep Wool,3,21,2178.56,560.0,1680.0,3858.56,4823.2,1,Natural Unbleached Wool Hues,Q3 (Jul-Sep),1.15,7152.91,90.0,23,4.76
KS-CRAFT-0418,Dhokra Metal Casting,Chhattisgarh,Metalwork,Lost-Wax Brass & Bell Metal,10,17,2474.01,540.0,5400.0,7874.01,9842.51,1,Oxidized Brass Finish,Q2 (Apr-Jun),0.95,11929.83,78.2,19,4.6
KS-CRAFT-0419,Channapatna Lacquerware,Karnataka,Woodcraft,Seasoned Hale Wood & Vegetable Lac,5,29,816.17,650.0,3250.0,4066.17,5082.71,1,Organic Turmeric & Indigo Lacquer,Q3 (Jul-Sep),1.15,7529.09,91.3,21,4.8
KS-CRAFT-0420,Channapatna Lacquerware,Karnataka,Woodcraft,Seasoned Hale Wood & Vegetable Lac,2,12,474.45,650.0,1300.0,1774.45,2218.06,1,Organic Turmeric & Indigo Lacquer,Q4 (Oct-Dec),1.45,3836.61,100.0,20,4.83
KS-CRAFT-0421,Pochampally Ikat,Telangana,Textiles,Pure Handloom Silk,4,34,1591.78,680.0,2720.0,4311.78,5389.72,1,Vegetable Dye Blend,Q2 (Apr-Jun),0.95,6828.36,81.9,21,4.77
KS-CRAFT-0422,Pochampally Ikat,Telangana,Textiles,Pure Handloom Silk,4,12,3393.22,680.0,2720.0,6113.22,7641.53,1,Vegetable Dye Blend,Q3 (Jul-Sep),1.15,10360.26,93.7,18,4.86
KS-CRAFT-0423,Jaipur Blue Pottery,Rajasthan,Pottery,"Quartz Powder, Fuller's Earth & Glass",2,18,1570.79,580.0,1160.0,2730.79,3413.49,1,Copper Oxide Green Glaze,Q1 (Jan-Mar),1.1,4634.75,96.5,18,4.63
KS-CRAFT-0424,Banarasi Brocade,Uttar Pradesh,Textiles,Mulberry Silk & Zari,12,22,3873.23,620.0,7440.0,11313.23,14141.54,0,Metallic Zari & Organic Dip,Q2 (Apr-Jun),0.95,15253.99,62.0,16,4.88
KS-CRAFT-0425,Channapatna Lacquerware,Karnataka,Woodcraft,Seasoned Hale Wood & Vegetable Lac,3,6,389.11,650.0,1950.0,2339.11,2923.89,1,Organic Turmeric & Indigo Lacquer,Q4 (Oct-Dec),1.45,5309.74,100.0,21,4.65
KS-CRAFT-0426,Channapatna Lacquerware,Karnataka,Woodcraft,Seasoned Hale Wood & Vegetable Lac,4,3,802.4,650.0,2600.0,3402.4,4253.0,0,Natural Vegetable Resins,Q1 (Jan-Mar),1.1,4885.42,74.0,18,4.71
KS-CRAFT-0427,Kullu Geometric Shawls,Himachal Pradesh,Textiles,Indigenous Himalayan Sheep Wool,8,6,1913.56,560.0,4480.0,6393.56,7991.95,1,Natural Unbleached Wool Hues,Q1 (Jan-Mar),1.1,10726.89,93.8,17,4.71
KS-CRAFT-0428,Bastar Wrought Iron,Chhattisgarh,Metalwork,Hand-Forged Recycled Iron,5,4,1206.51,540.0,2700.0,3906.51,4883.14,1,Black Oxide Patina,Q3 (Jul-Sep),1.15,6800.8,90.8,16,4.63
KS-CRAFT-0429,Bastar Wrought Iron,Chhattisgarh,Metalwork,Hand-Forged Recycled Iron,6,15,1166.74,540.0,3240.0,4406.74,5508.42,1,Black Oxide Patina,Q3 (Jul-Sep),1.15,7771.48,93.7,23,4.6
KS-CRAFT-0430,Bastar Wrought Iron,Chhattisgarh,Metalwork,Hand-Forged Recycled Iron,2,31,984.25,540.0,1080.0,2064.25,2580.31,1,Black Oxide Patina,Q2 (Apr-Jun),0.95,3302.04,77.4,19,4.58
KS-CRAFT-0431,Mithila Madhubani,Bihar,Folk Painting,Handmade Recycled Paper & Canvas,6,18,1071.15,520.0,3120.0,4191.15,5238.94,1,Natural Plant Extracts (Haldi/Neel),Q1 (Jan-Mar),1.1,7410.29,90.6,19,4.68
KS-CRAFT-0432,Kullu Geometric Shawls,Himachal Pradesh,Textiles,Indigenous Himalayan Sheep Wool,7,29,1309.63,560.0,3920.0,5229.63,6537.04,1,Natural Unbleached Wool Hues,Q2 (Apr-Jun),0.95,7928.89,80.0,14,4.88
KS-CRAFT-0433,Mithila Madhubani,Bihar,Folk Painting,Handmade Recycled Paper & Canvas,3,15,396.35,520.0,1560.0,1956.35,2445.44,1,Organic Mineral Pigments,Q1 (Jan-Mar),1.1,3411.26,90.4,21,4.61
KS-CRAFT-0434,Ajrakh Handblock Print,Gujarat,Textiles,Organic Modal Cotton,7,3,1676.77,600.0,4200.0,5876.77,7345.96,0,16-Stage Natural Indigo & Madder,Q2 (Apr-Jun),0.95,7264.5,73.6,18,4.67
KS-CRAFT-0435,Pochampally Ikat,Telangana,Textiles,Pure Handloom Silk,9,6,3337.27,680.0,6120.0,9457.27,11821.59,1,Vegetable Dye Blend,Q3 (Jul-Sep),1.15,16310.84,97.1,24,4.67
KS-CRAFT-0436,Dhokra Metal Casting,Chhattisgarh,Metalwork,Lost-Wax Brass & Bell Metal,5,37,2277.83,540.0,2700.0,4977.83,6222.29,1,Natural Beeswax Patina,Q1 (Jan-Mar),1.1,9445.07,86.8,20,4.49
KS-CRAFT-0437,Bastar Wrought Iron,Chhattisgarh,Metalwork,Hand-Forged Recycled Iron,7,25,516.07,540.0,3780.0,4296.07,5370.09,1,Black Oxide Patina,Q4 (Oct-Dec),1.45,10560.35,100.0,19,4.55
KS-CRAFT-0438,Ajrakh Handblock Print,Gujarat,Textiles,Organic Modal Cotton,7,31,2097.65,600.0,4200.0,6297.65,7872.06,0,Pomegranate Rind Extract,Q2 (Apr-Jun),0.95,8767.25,74.5,18,4.65
KS-CRAFT-0439,Jaipur Blue Pottery,Rajasthan,Pottery,"Quartz Powder, Fuller's Earth & Glass",6,37,726.83,580.0,3480.0,4206.83,5258.54,1,Copper Oxide Green Glaze,Q3 (Jul-Sep),1.15,8208.03,93.5,24,4.45
KS-CRAFT-0440,Pochampally Ikat,Telangana,Textiles,Pure Handloom Silk,3,22,2545.78,680.0,2040.0,4585.78,5732.22,1,Natural Indigo/Madder,Q3 (Jul-Sep),1.15,8258.93,91.7,22,4.89
KS-CRAFT-0441,Channapatna Lacquerware,Karnataka,Woodcraft,Seasoned Hale Wood & Vegetable Lac,1,25,276.42,650.0,650.0,926.42,1158.02,1,Natural Vegetable Resins,Q2 (Apr-Jun),0.95,1418.59,79.0,15,4.85
KS-CRAFT-0442,Banarasi Brocade,Uttar Pradesh,Textiles,Mulberry Silk & Zari,14,7,6146.89,620.0,8680.0,14826.89,18533.61,1,Vegetable Dye Blend,Q4 (Oct-Dec),1.45,31260.06,100.0,23,4.89
KS-CRAFT-0443,Banarasi Brocade,Uttar Pradesh,Textiles,Mulberry Silk & Zari,5,27,5342.39,620.0,3100.0,8442.39,10552.99,1,Metallic Zari & Organic Dip,Q3 (Jul-Sep),1.15,16667.1,91.9,23,4.86
KS-CRAFT-0444,Banarasi Brocade,Uttar Pradesh,Textiles,Mulberry Silk & Zari,16,3,5006.95,620.0,9920.0,14926.95,18658.69,1,Vegetable Dye Blend,Q2 (Apr-Jun),0.95,19974.77,78.3,16,4.89
KS-CRAFT-0445,Ajrakh Handblock Print,Gujarat,Textiles,Organic Modal Cotton,4,28,675.78,600.0,2400.0,3075.78,3844.73,0,16-Stage Natural Indigo & Madder,Q2 (Apr-Jun),0.95,4089.76,65.3,13,4.58
KS-CRAFT-0446,Banarasi Brocade,Uttar Pradesh,Textiles,Mulberry Silk & Zari,14,38,5404.85,620.0,8680.0,14084.85,17606.06,1,Metallic Zari & Organic Dip,Q4 (Oct-Dec),1.45,34931.0,100.0,23,4.94
KS-CRAFT-0447,Kullu Geometric Shawls,Himachal Pradesh,Textiles,Indigenous Himalayan Sheep Wool,6,15,1511.57,560.0,3360.0,4871.57,6089.46,1,Natural Unbleached Wool Hues,Q2 (Apr-Jun),0.95,7038.92,74.9,16,4.82
KS-CRAFT-0448,Kashmiri Pashmina,Jammu & Kashmir,Textiles,Grade-A Changthangi Cashmere,10,30,10881.6,750.0,7500.0,18381.6,22977.0,1,Walnut Hull & Saffron Tint,Q1 (Jan-Mar),1.1,33160.85,91.3,16,4.88
KS-CRAFT-0449,Ajrakh Handblock Print,Gujarat,Textiles,Organic Modal Cotton,7,5,818.73,600.0,4200.0,5018.73,6273.41,0,16-Stage Natural Indigo & Madder,Q4 (Oct-Dec),1.45,9137.08,100.0,24,4.76
KS-CRAFT-0450,Banarasi Brocade,Uttar Pradesh,Textiles,Mulberry Silk & Zari,8,12,6280.45,620.0,4960.0,11240.45,14050.56,1,Vegetable Dye Blend,Q1 (Jan-Mar),1.1,18112.65,92.6,17,4.86
KS-CRAFT-0451,Pochampally Ikat,Telangana,Textiles,Pure Handloom Silk,6,16,3124.03,680.0,4080.0,7204.03,9005.04,1,Vegetable Dye Blend,Q3 (Jul-Sep),1.15,13053.28,95.7,25,4.82
KS-CRAFT-0452,Pochampally Ikat,Telangana,Textiles,Pure Handloom Silk,3,6,1864.19,680.0,2040.0,3904.19,4880.24,1,Vegetable Dye Blend,Q4 (Oct-Dec),1.45,8091.15,100.0,17,4.75
KS-CRAFT-0453,Channapatna Lacquerware,Karnataka,Woodcraft,Seasoned Hale Wood & Vegetable Lac,1,27,263.35,650.0,650.0,913.35,1141.69,1,Natural Vegetable Resins,Q3 (Jul-Sep),1.15,1732.32,96.8,24,4.77
KS-CRAFT-0454,Kashmiri Pashmina,Jammu & Kashmir,Textiles,Grade-A Changthangi Cashmere,12,32,6389.31,750.0,9000.0,15389.31,19236.64,1,Walnut Hull & Saffron Tint,Q1 (Jan-Mar),1.1,27210.94,95.5,19,4.92
KS-CRAFT-0455,Mithila Madhubani,Bihar,Folk Painting,Handmade Recycled Paper & Canvas,4,25,915.88,520.0,2080.0,2995.88,3744.85,1,Natural Plant Extracts (Haldi/Neel),Q1 (Jan-Mar),1.1,5647.02,96.3,19,4.57
KS-CRAFT-0456,Channapatna Lacquerware,Karnataka,Woodcraft,Seasoned Hale Wood & Vegetable Lac,1,20,910.9,650.0,650.0,1560.9,1951.12,1,Natural Vegetable Resins,Q4 (Oct-Dec),1.45,3756.77,100.0,18,4.75
KS-CRAFT-0457,Kashmiri Pashmina,Jammu & Kashmir,Textiles,Grade-A Changthangi Cashmere,20,12,6783.43,750.0,15000.0,21783.43,27229.29,1,Pure Natural Cashmere,Q2 (Apr-Jun),0.95,33140.22,75.8,17,4.85
KS-CRAFT-0458,Mithila Madhubani,Bihar,Folk Painting,Handmade Recycled Paper & Canvas,3,36,578.1,520.0,1560.0,2138.1,2672.62,1,Organic Mineral Pigments,Q2 (Apr-Jun),0.95,3650.65,84.2,16,4.78
KS-CRAFT-0459,Mithila Madhubani,Bihar,Folk Painting,Handmade Recycled Paper & Canvas,2,10,801.61,520.0,1040.0,1841.61,2302.01,1,Natural Plant Extracts (Haldi/Neel),Q3 (Jul-Sep),1.15,3301.18,97.5,24,4.65
KS-CRAFT-0460,Jaipur Blue Pottery,Rajasthan,Pottery,"Quartz Powder, Fuller's Earth & Glass",5,20,1307.45,580.0,2900.0,4207.45,5259.31,1,Cobalt Oxide Blue Glaze,Q3 (Jul-Sep),1.15,7426.63,90.0,22,4.6
KS-CRAFT-0461,Channapatna Lacquerware,Karnataka,Woodcraft,Seasoned Hale Wood & Vegetable Lac,5,4,412.53,650.0,3250.0,3662.53,4578.16,1,Natural Vegetable Resins,Q2 (Apr-Jun),0.95,4966.01,82.5,18,4.81
KS-CRAFT-0462,Mithila Madhubani,Bihar,Folk Painting,Handmade Recycled Paper & Canvas,5,13,726.46,520.0,2600.0,3326.46,4158.07,1,Natural Plant Extracts (Haldi/Neel),Q4 (Oct-Dec),1.45,7390.61,100.0,26,4.79
KS-CRAFT-0463,Dhokra Metal Casting,Chhattisgarh,Metalwork,Lost-Wax Brass & Bell Metal,7,31,1025.66,540.0,3780.0,4805.66,6007.07,1,Oxidized Brass Finish,Q2 (Apr-Jun),0.95,7798.14,82.7,21,4.56
KS-CRAFT-0464,Pochampally Ikat,Telangana,Textiles,Pure Handloom Silk,8,37,2224.79,680.0,5440.0,7664.79,9580.99,1,Natural Indigo/Madder,Q4 (Oct-Dec),1.45,19160.33,100.0,25,4.66
KS-CRAFT-0465,Dhokra Metal Casting,Chhattisgarh,Metalwork,Lost-Wax Brass & Bell Metal,4,36,1959.63,540.0,2160.0,4119.63,5149.54,1,Natural Beeswax Patina,Q4 (Oct-Dec),1.45,9919.56,100.0,25,4.64
KS-CRAFT-0466,Channapatna Lacquerware,Karnataka,Woodcraft,Seasoned Hale Wood & Vegetable Lac,2,6,545.72,650.0,1300.0,1845.72,2307.15,1,Organic Turmeric & Indigo Lacquer,Q4 (Oct-Dec),1.45,3987.78,100.0,18,4.78
KS-CRAFT-0467,Mithila Madhubani,Bihar,Folk Painting,Handmade Recycled Paper & Canvas,5,31,672.2,520.0,2600.0,3272.2,4090.25,1,Organic Mineral Pigments,Q2 (Apr-Jun),0.95,5259.46,80.7,15,4.66
KS-CRAFT-0468,Channapatna Lacquerware,Karnataka,Woodcraft,Seasoned Hale Wood & Vegetable Lac,2,10,752.86,650.0,1300.0,2052.86,2566.08,1,Natural Vegetable Resins,Q3 (Jul-Sep),1.15,3646.73,88.7,21,4.83
KS-CRAFT-0469,Bastar Wrought Iron,Chhattisgarh,Metalwork,Hand-Forged Recycled Iron,5,5,1005.38,540.0,2700.0,3705.38,4631.73,1,Black Oxide Patina,Q2 (Apr-Jun),0.95,5272.5,80.0,15,4.67
KS-CRAFT-0470,Mithila Madhubani,Bihar,Folk Painting,Handmade Recycled Paper & Canvas,5,31,577.26,520.0,2600.0,3177.26,3971.58,1,Natural Plant Extracts (Haldi/Neel),Q1 (Jan-Mar),1.1,5638.88,85.3,16,4.71
KS-CRAFT-0471,Channapatna Lacquerware,Karnataka,Woodcraft,Seasoned Hale Wood & Vegetable Lac,4,34,598.34,650.0,2600.0,3198.34,3997.93,1,Organic Turmeric & Indigo Lacquer,Q1 (Jan-Mar),1.1,6040.2,90.0,17,4.81
KS-CRAFT-0472,Kullu Geometric Shawls,Himachal Pradesh,Textiles,Indigenous Himalayan Sheep Wool,6,3,942.93,560.0,3360.0,4302.93,5378.66,1,Vegetable Dye Borders,Q4 (Oct-Dec),1.45,9303.51,100.0,25,4.66
KS-CRAFT-0473,Mithila Madhubani,Bihar,Folk Painting,Handmade Recycled Paper & Canvas,7,12,614.12,520.0,3640.0,4254.12,5317.65,1,Organic Mineral Pigments,Q1 (Jan-Mar),1.1,7081.32,84.7,15,4.8
KS-CRAFT-0474,Mithila Madhubani,Bihar,Folk Painting,Handmade Recycled Paper & Canvas,6,38,894.83,520.0,3120.0,4014.83,5018.54,1,Organic Mineral Pigments,Q3 (Jul-Sep),1.15,8173.96,92.3,16,4.74
KS-CRAFT-0475,Ajrakh Handblock Print,Gujarat,Textiles,Organic Modal Cotton,6,30,1830.4,600.0,3600.0,5430.4,6788.0,1,16-Stage Natural Indigo & Madder,Q3 (Jul-Sep),1.15,10213.06,89.3,21,4.62
KS-CRAFT-0476,Bastar Wrought Iron,Chhattisgarh,Metalwork,Hand-Forged Recycled Iron,6,16,630.83,540.0,3240.0,3870.83,4838.54,1,Charcoal Forge Oxidation,Q4 (Oct-Dec),1.45,8863.05,100.0,22,4.47
KS-CRAFT-0477,Kashmiri Pashmina,Jammu & Kashmir,Textiles,Grade-A Changthangi Cashmere,20,23,10284.02,750.0,15000.0,25284.02,31605.03,1,Pure Natural Cashmere,Q3 (Jul-Sep),1.15,49060.92,95.6,21,4.98
KS-CRAFT-0478,Kullu Geometric Shawls,Himachal Pradesh,Textiles,Indigenous Himalayan Sheep Wool,9,17,1123.83,560.0,5040.0,6163.83,7704.79,1,Natural Unbleached Wool Hues,Q4 (Oct-Dec),1.45,13384.41,100.0,23,4.68
KS-CRAFT-0479,Dhokra Metal Casting,Chhattisgarh,Metalwork,Lost-Wax Brass & Bell Metal,10,25,986.44,540.0,5400.0,6386.44,7983.05,1,Natural Beeswax Patina,Q4 (Oct-Dec),1.45,14393.59,100.0,20,4.65
KS-CRAFT-0480,Channapatna Lacquerware,Karnataka,Woodcraft,Seasoned Hale Wood & Vegetable Lac,5,3,635.0,650.0,3250.0,3885.0,4856.25,1,Natural Vegetable Resins,Q3 (Jul-Sep),1.15,6480.5,97.0,22,4.66
KS-CRAFT-0481,Mithila Madhubani,Bihar,Folk Painting,Handmade Recycled Paper & Canvas,4,33,1050.44,520.0,2080.0,3130.44,3913.05,1,Natural Plant Extracts (Haldi/Neel),Q2 (Apr-Jun),0.95,5102.73,77.7,18,4.77
KS-CRAFT-0482,Bastar Wrought Iron,Chhattisgarh,Metalwork,Hand-Forged Recycled Iron,5,29,1262.39,540.0,2700.0,3962.39,4952.99,0,Charcoal Forge Oxidation,Q3 (Jul-Sep),1.15,6805.62,79.4,19,4.53
KS-CRAFT-0483,Bastar Wrought Iron,Chhattisgarh,Metalwork,Hand-Forged Recycled Iron,3,24,1035.14,540.0,1620.0,2655.14,3318.92,1,Black Oxide Patina,Q1 (Jan-Mar),1.1,4545.29,85.5,21,4.53
KS-CRAFT-0484,Jaipur Blue Pottery,Rajasthan,Pottery,"Quartz Powder, Fuller's Earth & Glass",6,14,1146.54,580.0,3480.0,4626.54,5783.18,1,Copper Oxide Green Glaze,Q2 (Apr-Jun),0.95,6966.76,75.6,13,4.55
KS-CRAFT-0485,Kullu Geometric Shawls,Himachal Pradesh,Textiles,Indigenous Himalayan Sheep Wool,5,22,1613.43,560.0,2800.0,4413.43,5516.79,1,Vegetable Dye Borders,Q2 (Apr-Jun),0.95,6539.56,76.3,13,4.7
KS-CRAFT-0486,Banarasi Brocade,Uttar Pradesh,Textiles,Mulberry Silk & Zari,13,33,2307.22,620.0,8060.0,10367.22,12959.02,1,Metallic Zari & Organic Dip,Q4 (Oct-Dec),1.45,24646.54,100.0,24,4.88
KS-CRAFT-0487,Ajrakh Handblock Print,Gujarat,Textiles,Organic Modal Cotton,3,36,1833.21,600.0,1800.0,3633.21,4541.51,1,16-Stage Natural Indigo & Madder,Q2 (Apr-Jun),0.95,5740.63,72.0,15,4.77
KS-CRAFT-0488,Banarasi Brocade,Uttar Pradesh,Textiles,Mulberry Silk & Zari,9,8,6209.05,620.0,5580.0,11789.05,14736.31,1,Metallic Zari & Organic Dip,Q1 (Jan-Mar),1.1,18811.49,93.5,22,4.76
KS-CRAFT-0489,Channapatna Lacquerware,Karnataka,Woodcraft,Seasoned Hale Wood & Vegetable Lac,3,21,390.39,650.0,1950.0,2340.39,2925.49,1,Natural Vegetable Resins,Q2 (Apr-Jun),0.95,3663.34,80.2,16,4.69
KS-CRAFT-0490,Banarasi Brocade,Uttar Pradesh,Textiles,Mulberry Silk & Zari,14,9,4606.39,620.0,8680.0,13286.39,16607.99,1,Vegetable Dye Blend,Q1 (Jan-Mar),1.1,22282.44,87.1,22,4.95
KS-CRAFT-0491,Kashmiri Pashmina,Jammu & Kashmir,Textiles,Grade-A Changthangi Cashmere,12,24,5176.81,750.0,9000.0,14176.81,17721.01,1,Walnut Hull & Saffron Tint,Q2 (Apr-Jun),0.95,21098.14,77.6,18,4.83
KS-CRAFT-0492,Pochampally Ikat,Telangana,Textiles,Pure Handloom Silk,9,31,2218.98,680.0,6120.0,8338.98,10423.72,1,Vegetable Dye Blend,Q1 (Jan-Mar),1.1,15126.78,86.1,21,4.85
KS-CRAFT-0493,Banarasi Brocade,Uttar Pradesh,Textiles,Mulberry Silk & Zari,14,32,2766.72,620.0,8680.0,11446.72,14308.4,1,Vegetable Dye Blend,Q4 (Oct-Dec),1.45,28464.08,100.0,21,4.81
KS-CRAFT-0494,Dhokra Metal Casting,Chhattisgarh,Metalwork,Lost-Wax Brass & Bell Metal,8,28,2634.44,540.0,4320.0,6954.44,8693.05,1,Oxidized Brass Finish,Q2 (Apr-Jun),0.95,11247.68,82.9,18,4.46
KS-CRAFT-0495,Kullu Geometric Shawls,Himachal Pradesh,Textiles,Indigenous Himalayan Sheep Wool,5,13,1661.57,560.0,2800.0,4461.57,5576.96,1,Vegetable Dye Borders,Q1 (Jan-Mar),1.1,7667.02,85.2,15,4.85
KS-CRAFT-0496,Banarasi Brocade,Uttar Pradesh,Textiles,Mulberry Silk & Zari,13,22,4992.64,620.0,8060.0,13052.64,16315.8,1,Vegetable Dye Blend,Q3 (Jul-Sep),1.15,24407.54,90.7,18,4.79
KS-CRAFT-0497,Kullu Geometric Shawls,Himachal Pradesh,Textiles,Indigenous Himalayan Sheep Wool,3,30,1413.29,560.0,1680.0,3093.29,3866.61,1,Vegetable Dye Borders,Q4 (Oct-Dec),1.45,7538.69,100.0,23,4.69
KS-CRAFT-0498,Banarasi Brocade,Uttar Pradesh,Textiles,Mulberry Silk & Zari,6,32,4746.3,620.0,3720.0,8466.3,10582.88,1,Metallic Zari & Organic Dip,Q4 (Oct-Dec),1.45,21334.37,100.0,26,4.77
KS-CRAFT-0499,Banarasi Brocade,Uttar Pradesh,Textiles,Mulberry Silk & Zari,10,6,4325.47,620.0,6200.0,10525.47,13156.84,1,Metallic Zari & Organic Dip,Q4 (Oct-Dec),1.45,23698.28,100.0,23,4.75
KS-CRAFT-0500,Mithila Madhubani,Bihar,Folk Painting,Handmade Recycled Paper & Canvas,5,27,778.13,520.0,2600.0,3378.13,4222.66,1,Organic Mineral Pigments,Q2 (Apr-Jun),0.95,5129.06,80.3,16,4.69
KS-CRAFT-0501,Channapatna Lacquerware,Karnataka,Woodcraft,Seasoned Hale Wood & Vegetable Lac,3,3,943.2,650.0,1950.0,2893.2,3616.5,1,Natural Vegetable Resins,Q4 (Oct-Dec),1.45,6394.97,100.0,18,4.88
KS-CRAFT-0502,Pochampally Ikat,Telangana,Textiles,Pure Handloom Silk,8,21,1485.22,680.0,5440.0,6925.22,8656.52,1,Natural Indigo/Madder,Q1 (Jan-Mar),1.1,12138.68,91.2,21,4.83
KS-CRAFT-0503,Jaipur Blue Pottery,Rajasthan,Pottery,"Quartz Powder, Fuller's Earth & Glass",5,14,1076.89,580.0,2900.0,3976.89,4971.11,1,Cobalt Oxide Blue Glaze,Q4 (Oct-Dec),1.45,9007.43,100.0,20,4.55
KS-CRAFT-0504,Channapatna Lacquerware,Karnataka,Woodcraft,Seasoned Hale Wood & Vegetable Lac,2,4,258.12,650.0,1300.0,1558.12,1947.65,1,Natural Vegetable Resins,Q2 (Apr-Jun),0.95,2226.34,84.1,15,4.68
KS-CRAFT-0505,Jaipur Blue Pottery,Rajasthan,Pottery,"Quartz Powder, Fuller's Earth & Glass",6,14,1519.86,580.0,3480.0,4999.86,6249.82,1,Copper Oxide Green Glaze,Q4 (Oct-Dec),1.45,11320.64,100.0,20,4.5
KS-CRAFT-0506,Kashmiri Pashmina,Jammu & Kashmir,Textiles,Grade-A Changthangi Cashmere,25,18,9232.49,750.0,18750.0,27982.49,34978.11,1,Pure Natural Cashmere,Q1 (Jan-Mar),1.1,48281.84,90.7,19,5.0
KS-CRAFT-0507,Kashmiri Pashmina,Jammu & Kashmir,Textiles,Grade-A Changthangi Cashmere,18,33,5575.06,750.0,13500.0,19075.06,23843.83,0,Walnut Hull & Saffron Tint,Q4 (Oct-Dec),1.45,39239.36,100.0,26,5.0
KS-CRAFT-0508,Channapatna Lacquerware,Karnataka,Woodcraft,Seasoned Hale Wood & Vegetable Lac,5,8,304.76,650.0,3250.0,3554.76,4443.45,1,Organic Turmeric & Indigo Lacquer,Q4 (Oct-Dec),1.45,7924.73,100.0,22,4.8
KS-CRAFT-0509,Ajrakh Handblock Print,Gujarat,Textiles,Organic Modal Cotton,6,33,1281.05,600.0,3600.0,4881.05,6101.31,1,Pomegranate Rind Extract,Q1 (Jan-Mar),1.1,9010.55,96.0,23,4.62
KS-CRAFT-0510,Pochampally Ikat,Telangana,Textiles,Pure Handloom Silk,7,33,1359.69,680.0,4760.0,6119.69,7649.61,1,Natural Indigo/Madder,Q3 (Jul-Sep),1.15,12087.94,91.4,22,4.66
KS-CRAFT-0511,Kullu Geometric Shawls,Himachal Pradesh,Textiles,Indigenous Himalayan Sheep Wool,4,20,1710.07,560.0,2240.0,3950.07,4937.59,1,Vegetable Dye Borders,Q1 (Jan-Mar),1.1,6784.92,86.9,21,4.8
KS-CRAFT-0512,Kashmiri Pashmina,Jammu & Kashmir,Textiles,Grade-A Changthangi Cashmere,21,14,8012.78,750.0,15750.0,23762.78,29703.47,1,Walnut Hull & Saffron Tint,Q2 (Apr-Jun),0.95,35017.47,81.9,20,4.89
KS-CRAFT-0513,Banarasi Brocade,Uttar Pradesh,Textiles,Mulberry Silk & Zari,14,12,6215.95,620.0,8680.0,14895.95,18619.94,1,Vegetable Dye Blend,Q2 (Apr-Jun),0.95,22361.44,74.6,16,4.91
KS-CRAFT-0514,Dhokra Metal Casting,Chhattisgarh,Metalwork,Lost-Wax Brass & Bell Metal,4,10,2120.3,540.0,2160.0,4280.3,5350.38,1,Oxidized Brass Finish,Q3 (Jul-Sep),1.15,7428.74,91.5,22,4.64
KS-CRAFT-0515,Bastar Wrought Iron,Chhattisgarh,Metalwork,Hand-Forged Recycled Iron,5,27,1151.86,540.0,2700.0,3851.86,4814.82,1,Charcoal Forge Oxidation,Q2 (Apr-Jun),0.95,6048.19,77.1,15,4.65
KS-CRAFT-0516,Jaipur Blue Pottery,Rajasthan,Pottery,"Quartz Powder, Fuller's Earth & Glass",6,5,1235.31,580.0,3480.0,4715.31,5894.14,1,Copper Oxide Green Glaze,Q3 (Jul-Sep),1.15,8434.26,93.2,24,4.66
KS-CRAFT-0517,Ajrakh Handblock Print,Gujarat,Textiles,Organic Modal Cotton,5,19,1803.47,600.0,3000.0,4803.47,6004.34,1,Pomegranate Rind Extract,Q3 (Jul-Sep),1.15,8748.24,96.4,19,4.72
KS-CRAFT-0518,Dhokra Metal Casting,Chhattisgarh,Metalwork,Lost-Wax Brass & Bell Metal,6,3,1495.21,540.0,3240.0,4735.21,5919.01,1,Natural Beeswax Patina,Q3 (Jul-Sep),1.15,7637.0,88.8,16,4.56
KS-CRAFT-0519,Dhokra Metal Casting,Chhattisgarh,Metalwork,Lost-Wax Brass & Bell Metal,8,4,1266.85,540.0,4320.0,5586.85,6983.56,1,Natural Beeswax Patina,Q3 (Jul-Sep),1.15,9927.77,96.1,24,4.69
KS-CRAFT-0520,Banarasi Brocade,Uttar Pradesh,Textiles,Mulberry Silk & Zari,6,11,5882.7,620.0,3720.0,9602.7,12003.38,1,Metallic Zari & Organic Dip,Q1 (Jan-Mar),1.1,16813.98,92.6,18,4.87
KS-CRAFT-0521,Banarasi Brocade,Uttar Pradesh,Textiles,Mulberry Silk & Zari,9,23,5508.24,620.0,5580.0,11088.24,13860.3,1,Metallic Zari & Organic Dip,Q4 (Oct-Dec),1.45,25453.71,100.0,21,5.0
KS-CRAFT-0522,Channapatna Lacquerware,Karnataka,Woodcraft,Seasoned Hale Wood & Vegetable Lac,2,34,558.4,650.0,1300.0,1858.4,2323.0,0,Organic Turmeric & Indigo Lacquer,Q3 (Jul-Sep),1.15,3191.33,77.8,17,4.69
KS-CRAFT-0523,Jaipur Blue Pottery,Rajasthan,Pottery,"Quartz Powder, Fuller's Earth & Glass",6,31,1189.84,580.0,3480.0,4669.84,5837.3,1,Cobalt Oxide Blue Glaze,Q2 (Apr-Jun),0.95,7096.77,72.4,17,4.64
KS-CRAFT-0524,Pochampally Ikat,Telangana,Textiles,Pure Handloom Silk,5,3,2897.45,680.0,3400.0,6297.45,7871.81,0,Vegetable Dye Blend,Q4 (Oct-Dec),1.45,11430.6,100.0,25,4.79
KS-CRAFT-0525,Bastar Wrought Iron,Chhattisgarh,Metalwork,Hand-Forged Recycled Iron,5,7,879.66,540.0,2700.0,3579.66,4474.57,1,Charcoal Forge Oxidation,Q4 (Oct-Dec),1.45,7710.46,100.0,24,4.48
KS-CRAFT-0526,Bastar Wrought Iron,Chhattisgarh,Metalwork,Hand-Forged Recycled Iron,4,28,1150.02,540.0,2160.0,3310.02,4137.52,1,Charcoal Forge Oxidation,Q3 (Jul-Sep),1.15,6216.32,98.7,20,4.66
KS-CRAFT-0527,Channapatna Lacquerware,Karnataka,Woodcraft,Seasoned Hale Wood & Vegetable Lac,2,27,638.13,650.0,1300.0,1938.13,2422.66,1,Natural Vegetable Resins,Q2 (Apr-Jun),0.95,3092.95,83.1,19,4.74
KS-CRAFT-0528,Banarasi Brocade,Uttar Pradesh,Textiles,Mulberry Silk & Zari,16,5,3014.7,620.0,9920.0,12934.7,16168.38,1,Metallic Zari & Organic Dip,Q4 (Oct-Dec),1.45,27881.39,100.0,22,4.83
KS-CRAFT-0529,Bastar Wrought Iron,Chhattisgarh,Metalwork,Hand-Forged Recycled Iron,2,6,440.75,540.0,1080.0,1520.75,1900.94,1,Charcoal Forge Oxidation,Q4 (Oct-Dec),1.45,3266.71,100.0,23,4.58
KS-CRAFT-0530,Bastar Wrought Iron,Chhattisgarh,Metalwork,Hand-Forged Recycled Iron,7,7,1037.28,540.0,3780.0,4817.28,6021.6,1,Charcoal Forge Oxidation,Q2 (Apr-Jun),0.95,6869.38,71.7,18,4.6
KS-CRAFT-0531,Dhokra Metal Casting,Chhattisgarh,Metalwork,Lost-Wax Brass & Bell Metal,4,6,1227.27,540.0,2160.0,3387.27,4234.09,1,Natural Beeswax Patina,Q2 (Apr-Jun),0.95,4791.28,73.7,16,4.65
KS-CRAFT-0532,Banarasi Brocade,Uttar Pradesh,Textiles,Mulberry Silk & Zari,12,17,4758.4,620.0,7440.0,12198.4,15248.0,1,Metallic Zari & Organic Dip,Q1 (Jan-Mar),1.1,20983.12,94.1,24,4.92
KS-CRAFT-0533,Ajrakh Handblock Print,Gujarat,Textiles,Organic Modal Cotton,8,11,1463.95,600.0,4800.0,6263.95,7829.94,1,16-Stage Natural Indigo & Madder,Q1 (Jan-Mar),1.1,10830.25,91.3,18,4.58
KS-CRAFT-0534,Mithila Madhubani,Bihar,Folk Painting,Handmade Recycled Paper & Canvas,3,38,926.67,520.0,1560.0,2486.67,3108.34,1,Natural Plant Extracts (Haldi/Neel),Q4 (Oct-Dec),1.45,6492.19,100.0,18,4.76
KS-CRAFT-0535,Kashmiri Pashmina,Jammu & Kashmir,Textiles,Grade-A Changthangi Cashmere,12,34,4648.49,750.0,9000.0,13648.49,17060.61,1,Walnut Hull & Saffron Tint,Q4 (Oct-Dec),1.45,32550.6,100.0,23,5.0
KS-CRAFT-0536,Jaipur Blue Pottery,Rajasthan,Pottery,"Quartz Powder, Fuller's Earth & Glass",3,20,687.08,580.0,1740.0,2427.08,3033.85,1,Copper Oxide Green Glaze,Q4 (Oct-Dec),1.45,5475.39,100.0,23,4.6
KS-CRAFT-0537,Kullu Geometric Shawls,Himachal Pradesh,Textiles,Indigenous Himalayan Sheep Wool,8,22,2287.67,560.0,4480.0,6767.67,8459.59,1,Natural Unbleached Wool Hues,Q1 (Jan-Mar),1.1,12065.87,86.0,22,4.89
KS-CRAFT-0538,Kashmiri Pashmina,Jammu & Kashmir,Textiles,Grade-A Changthangi Cashmere,24,32,9321.64,750.0,18000.0,27321.64,34152.05,1,Walnut Hull & Saffron Tint,Q3 (Jul-Sep),1.15,51745.23,90.1,22,4.97
KS-CRAFT-0539,Kullu Geometric Shawls,Himachal Pradesh,Textiles,Indigenous Himalayan Sheep Wool,4,5,1087.57,560.0,2240.0,3327.57,4159.46,1,Vegetable Dye Borders,Q4 (Oct-Dec),1.45,7027.59,100.0,20,4.85
KS-CRAFT-0540,Kullu Geometric Shawls,Himachal Pradesh,Textiles,Indigenous Himalayan Sheep Wool,3,37,2132.75,560.0,1680.0,3812.75,4765.94,1,Natural Unbleached Wool Hues,Q1 (Jan-Mar),1.1,7205.03,85.1,21,4.83
KS-CRAFT-0541,Kashmiri Pashmina,Jammu & Kashmir,Textiles,Grade-A Changthangi Cashmere,20,23,6388.14,750.0,15000.0,21388.14,26735.17,1,Walnut Hull & Saffron Tint,Q3 (Jul-Sep),1.15,39132.14,88.8,21,5.0
KS-CRAFT-0542,Jaipur Blue Pottery,Rajasthan,Pottery,"Quartz Powder, Fuller's Earth & Glass",2,34,991.64,580.0,1160.0,2151.64,2689.55,1,Copper Oxide Green Glaze,Q2 (Apr-Jun),0.95,3350.16,83.5,18,4.55
KS-CRAFT-0543,Mithila Madhubani,Bihar,Folk Painting,Handmade Recycled Paper & Canvas,7,25,474.74,520.0,3640.0,4114.74,5143.42,0,Natural Plant Extracts (Haldi/Neel),Q4 (Oct-Dec),1.45,8336.42,96.9,22,4.62
KS-CRAFT-0544,Banarasi Brocade,Uttar Pradesh,Textiles,Mulberry Silk & Zari,12,24,3998.36,620.0,7440.0,11438.36,14297.95,1,Vegetable Dye Blend,Q4 (Oct-Dec),1.45,27246.62,100.0,23,4.9
KS-CRAFT-0545,Mithila Madhubani,Bihar,Folk Painting,Handmade Recycled Paper & Canvas,2,36,670.53,520.0,1040.0,1710.53,2138.16,1,Natural Plant Extracts (Haldi/Neel),Q2 (Apr-Jun),0.95,2809.22,82.4,16,4.73
KS-CRAFT-0546,Dhokra Metal Casting,Chhattisgarh,Metalwork,Lost-Wax Brass & Bell Metal,9,17,1725.07,540.0,4860.0,6585.07,8231.34,1,Natural Beeswax Patina,Q2 (Apr-Jun),0.95,10258.4,83.2,17,4.46
KS-CRAFT-0547,Kullu Geometric Shawls,Himachal Pradesh,Textiles,Indigenous Himalayan Sheep Wool,6,33,1756.02,560.0,3360.0,5116.02,6395.03,1,Natural Unbleached Wool Hues,Q1 (Jan-Mar),1.1,9473.94,86.7,19,4.65
KS-CRAFT-0548,Jaipur Blue Pottery,Rajasthan,Pottery,"Quartz Powder, Fuller's Earth & Glass",3,18,862.17,580.0,1740.0,2602.17,3252.71,1,Cobalt Oxide Blue Glaze,Q2 (Apr-Jun),0.95,3724.64,80.2,15,4.56
KS-CRAFT-0549,Kashmiri Pashmina,Jammu & Kashmir,Textiles,Grade-A Changthangi Cashmere,21,11,8905.73,750.0,15750.0,24655.73,30819.66,1,Pure Natural Cashmere,Q1 (Jan-Mar),1.1,40246.6,94.9,22,4.98
KS-CRAFT-0550,Pochampally Ikat,Telangana,Textiles,Pure Handloom Silk,9,24,3522.93,680.0,6120.0,9642.93,12053.66,1,Vegetable Dye Blend,Q1 (Jan-Mar),1.1,17121.86,87.1,22,4.79
KS-CRAFT-0551,Dhokra Metal Casting,Chhattisgarh,Metalwork,Lost-Wax Brass & Bell Metal,9,6,2297.95,540.0,4860.0,7157.95,8947.44,1,Oxidized Brass Finish,Q1 (Jan-Mar),1.1,12226.95,85.0,17,4.6
KS-CRAFT-0552,Ajrakh Handblock Print,Gujarat,Textiles,Organic Modal Cotton,4,7,1572.26,600.0,2400.0,3972.26,4965.33,1,16-Stage Natural Indigo & Madder,Q3 (Jul-Sep),1.15,6618.69,91.9,20,4.71
KS-CRAFT-0553,Kashmiri Pashmina,Jammu & Kashmir,Textiles,Grade-A Changthangi Cashmere,14,20,7544.41,750.0,10500.0,18044.41,22555.51,1,Pure Natural Cashmere,Q2 (Apr-Jun),0.95,26773.07,72.3,15,4.92
KS-CRAFT-0554,Bastar Wrought Iron,Chhattisgarh,Metalwork,Hand-Forged Recycled Iron,5,37,1180.81,540.0,2700.0,3880.81,4851.01,1,Black Oxide Patina,Q1 (Jan-Mar),1.1,7432.46,93.9,24,4.65
KS-CRAFT-0555,Banarasi Brocade,Uttar Pradesh,Textiles,Mulberry Silk & Zari,12,28,2575.43,620.0,7440.0,10015.43,12519.29,1,Vegetable Dye Blend,Q2 (Apr-Jun),0.95,16462.59,72.5,13,4.78
KS-CRAFT-0556,Mithila Madhubani,Bihar,Folk Painting,Handmade Recycled Paper & Canvas,3,36,1087.49,520.0,1560.0,2647.49,3309.36,0,Natural Plant Extracts (Haldi/Neel),Q4 (Oct-Dec),1.45,5601.82,100.0,22,4.58
KS-CRAFT-0557,Ajrakh Handblock Print,Gujarat,Textiles,Organic Modal Cotton,6,4,1706.56,600.0,3600.0,5306.56,6633.2,1,16-Stage Natural Indigo & Madder,Q4 (Oct-Dec),1.45,10855.66,100.0,25,4.68
KS-CRAFT-0558,Ajrakh Handblock Print,Gujarat,Textiles,Organic Modal Cotton,7,23,1114.19,600.0,4200.0,5314.19,6642.74,1,Pomegranate Rind Extract,Q4 (Oct-Dec),1.45,12422.24,100.0,25,4.63
KS-CRAFT-0559,Channapatna Lacquerware,Karnataka,Woodcraft,Seasoned Hale Wood & Vegetable Lac,4,21,510.33,650.0,2600.0,3110.33,3887.91,1,Organic Turmeric & Indigo Lacquer,Q2 (Apr-Jun),0.95,4575.42,75.2,19,4.8
KS-CRAFT-0560,Mithila Madhubani,Bihar,Folk Painting,Handmade Recycled Paper & Canvas,3,12,1175.89,520.0,1560.0,2735.89,3419.86,1,Natural Plant Extracts (Haldi/Neel),Q3 (Jul-Sep),1.15,4622.09,91.7,17,4.62
KS-CRAFT-0561,Mithila Madhubani,Bihar,Folk Painting,Handmade Recycled Paper & Canvas,6,23,936.42,520.0,3120.0,4056.42,5070.52,0,Natural Plant Extracts (Haldi/Neel),Q2 (Apr-Jun),0.95,5356.4,68.5,13,4.63
KS-CRAFT-0562,Pochampally Ikat,Telangana,Textiles,Pure Handloom Silk,10,32,3198.15,680.0,6800.0,9998.15,12497.69,0,Natural Indigo/Madder,Q4 (Oct-Dec),1.45,20189.3,100.0,26,4.73
KS-CRAFT-0563,Channapatna Lacquerware,Karnataka,Woodcraft,Seasoned Hale Wood & Vegetable Lac,3,12,928.72,650.0,1950.0,2878.72,3598.4,1,Natural Vegetable Resins,Q4 (Oct-Dec),1.45,6321.35,100.0,22,4.66
KS-CRAFT-0564,Bastar Wrought Iron,Chhattisgarh,Metalwork,Hand-Forged Recycled Iron,4,17,427.28,540.0,2160.0,2587.28,3234.1,1,Charcoal Forge Oxidation,Q1 (Jan-Mar),1.1,4406.2,91.5,17,4.58
KS-CRAFT-0565,Channapatna Lacquerware,Karnataka,Woodcraft,Seasoned Hale Wood & Vegetable Lac,1,31,308.51,650.0,650.0,958.51,1198.14,1,Organic Turmeric & Indigo Lacquer,Q2 (Apr-Jun),0.95,1598.92,76.6,16,4.8
KS-CRAFT-0566,Bastar Wrought Iron,Chhattisgarh,Metalwork,Hand-Forged Recycled Iron,7,12,797.17,540.0,3780.0,4577.17,5721.46,1,Black Oxide Patina,Q1 (Jan-Mar),1.1,7648.61,88.4,17,4.54
KS-CRAFT-0567,Kullu Geometric Shawls,Himachal Pradesh,Textiles,Indigenous Himalayan Sheep Wool,4,31,2110.14,560.0,2240.0,4350.14,5437.68,1,Vegetable Dye Borders,Q1 (Jan-Mar),1.1,8265.58,87.3,21,4.89
KS-CRAFT-0568,Jaipur Blue Pottery,Rajasthan,Pottery,"Quartz Powder, Fuller's Earth & Glass",3,8,1410.84,580.0,1740.0,3150.84,3938.55,1,Copper Oxide Green Glaze,Q4 (Oct-Dec),1.45,6881.2,100.0,26,4.47
KS-CRAFT-0569,Kashmiri Pashmina,Jammu & Kashmir,Textiles,Grade-A Changthangi Cashmere,9,20,4562.88,750.0,6750.0,11312.88,14141.1,1,Pure Natural Cashmere,Q4 (Oct-Dec),1.45,26743.04,100.0,18,4.85
KS-CRAFT-0570,Jaipur Blue Pottery,Rajasthan,Pottery,"Quartz Powder, Fuller's Earth & Glass",6,22,1014.17,580.0,3480.0,4494.17,5617.71,1,Copper Oxide Green Glaze,Q3 (Jul-Sep),1.15,8324.26,97.2,19,4.65
KS-CRAFT-0571,Mithila Madhubani,Bihar,Folk Painting,Handmade Recycled Paper & Canvas,4,33,1160.42,520.0,2080.0,3240.42,4050.53,1,Organic Mineral Pigments,Q3 (Jul-Sep),1.15,6251.41,94.0,22,4.61
KS-CRAFT-0572,Banarasi Brocade,Uttar Pradesh,Textiles,Mulberry Silk & Zari,12,7,6475.63,620.0,7440.0,13915.63,17394.54,1,Vegetable Dye Blend,Q3 (Jul-Sep),1.15,24240.54,94.9,24,4.91
KS-CRAFT-0573,Kullu Geometric Shawls,Himachal Pradesh,Textiles,Indigenous Himalayan Sheep Wool,5,4,1722.55,560.0,2800.0,4522.55,5653.19,1,Natural Unbleached Wool Hues,Q1 (Jan-Mar),1.1,7426.82,85.4,18,4.82
KS-CRAFT-0574,Ajrakh Handblock Print,Gujarat,Textiles,Organic Modal Cotton,3,29,1009.01,600.0,1800.0,2809.01,3511.26,1,Pomegranate Rind Extract,Q2 (Apr-Jun),0.95,4237.98,75.3,17,4.57
KS-CRAFT-0575,Dhokra Metal Casting,Chhattisgarh,Metalwork,Lost-Wax Brass & Bell Metal,5,13,2037.65,540.0,2700.0,4737.65,5922.06,1,Oxidized Brass Finish,Q2 (Apr-Jun),0.95,7184.49,80.4,16,4.62
KS-CRAFT-0576,Ajrakh Handblock Print,Gujarat,Textiles,Organic Modal Cotton,7,12,1470.07,600.0,4200.0,5670.07,7087.59,1,Pomegranate Rind Extract,Q1 (Jan-Mar),1.1,9478.1,89.9,18,4.78
KS-CRAFT-0577,Banarasi Brocade,Uttar Pradesh,Textiles,Mulberry Silk & Zari,7,15,4364.55,620.0,4340.0,8704.55,10880.69,1,Metallic Zari & Organic Dip,Q2 (Apr-Jun),0.95,12800.86,83.4,15,4.78
KS-CRAFT-0578,Pochampally Ikat,Telangana,Textiles,Pure Handloom Silk,8,26,2010.09,680.0,5440.0,7450.09,9312.61,1,Vegetable Dye Blend,Q4 (Oct-Dec),1.45,18406.87,100.0,24,4.74
KS-CRAFT-0579,Channapatna Lacquerware,Karnataka,Woodcraft,Seasoned Hale Wood & Vegetable Lac,1,12,405.65,650.0,650.0,1055.65,1319.56,1,Natural Vegetable Resins,Q1 (Jan-Mar),1.1,1720.8,85.2,15,4.82
KS-CRAFT-0580,Banarasi Brocade,Uttar Pradesh,Textiles,Mulberry Silk & Zari,5,30,5531.18,620.0,3100.0,8631.18,10788.98,1,Metallic Zari & Organic Dip,Q1 (Jan-Mar),1.1,15118.93,92.1,21,4.87
KS-CRAFT-0581,Channapatna Lacquerware,Karnataka,Woodcraft,Seasoned Hale Wood & Vegetable Lac,1,3,461.15,650.0,650.0,1111.15,1388.94,1,Organic Turmeric & Indigo Lacquer,Q1 (Jan-Mar),1.1,1876.12,86.2,22,4.7
KS-CRAFT-0582,Ajrakh Handblock Print,Gujarat,Textiles,Organic Modal Cotton,3,20,818.34,600.0,1800.0,2618.34,3272.93,0,Pomegranate Rind Extract,Q1 (Jan-Mar),1.1,3941.32,83.1,20,4.7
KS-CRAFT-0583,Bastar Wrought Iron,Chhattisgarh,Metalwork,Hand-Forged Recycled Iron,2,3,1301.55,540.0,1080.0,2381.55,2976.94,1,Charcoal Forge Oxidation,Q1 (Jan-Mar),1.1,4038.0,85.8,21,4.45
KS-CRAFT-0584,Banarasi Brocade,Uttar Pradesh,Textiles,Mulberry Silk & Zari,13,33,5860.58,620.0,8060.0,13920.58,17400.72,1,Metallic Zari & Organic Dip,Q2 (Apr-Jun),0.95,22234.83,83.9,16,4.84
KS-CRAFT-0585,Jaipur Blue Pottery,Rajasthan,Pottery,"Quartz Powder, Fuller's Earth & Glass",3,29,1041.39,580.0,1740.0,2781.39,3476.74,1,Copper Oxide Green Glaze,Q4 (Oct-Dec),1.45,6454.63,100.0,18,4.64
KS-CRAFT-0586,Channapatna Lacquerware,Karnataka,Woodcraft,Seasoned Hale Wood & Vegetable Lac,1,10,479.68,650.0,650.0,1129.68,1412.1,1,Natural Vegetable Resins,Q1 (Jan-Mar),1.1,1913.21,87.6,23,4.76
KS-CRAFT-0587,Bastar Wrought Iron,Chhattisgarh,Metalwork,Hand-Forged Recycled Iron,4,30,1483.46,540.0,2160.0,3643.46,4554.32,1,Charcoal Forge Oxidation,Q4 (Oct-Dec),1.45,9165.57,100.0,26,4.54
KS-CRAFT-0588,Pochampally Ikat,Telangana,Textiles,Pure Handloom Silk,4,36,2230.56,680.0,2720.0,4950.56,6188.2,1,Natural Indigo/Madder,Q4 (Oct-Dec),1.45,11834.33,100.0,23,4.89
KS-CRAFT-0589,Mithila Madhubani,Bihar,Folk Painting,Handmade Recycled Paper & Canvas,4,24,1177.69,520.0,2080.0,3257.69,4072.11,1,Organic Mineral Pigments,Q1 (Jan-Mar),1.1,5609.42,94.4,22,4.62
KS-CRAFT-0590,Kashmiri Pashmina,Jammu & Kashmir,Textiles,Grade-A Changthangi Cashmere,19,28,7882.92,750.0,14250.0,22132.92,27666.15,0,Pure Natural Cashmere,Q3 (Jul-Sep),1.15,35354.04,81.4,15,4.92
KS-CRAFT-0591,Dhokra Metal Casting,Chhattisgarh,Metalwork,Lost-Wax Brass & Bell Metal,4,6,1089.25,540.0,2160.0,3249.25,4061.56,1,Oxidized Brass Finish,Q2 (Apr-Jun),0.95,4697.48,84.1,17,4.62
KS-CRAFT-0592,Mithila Madhubani,Bihar,Folk Painting,Handmade Recycled Paper & Canvas,6,7,860.91,520.0,3120.0,3980.91,4976.14,1,Organic Mineral Pigments,Q3 (Jul-Sep),1.15,7078.78,90.2,21,4.67
KS-CRAFT-0593,Channapatna Lacquerware,Karnataka,Woodcraft,Seasoned Hale Wood & Vegetable Lac,5,5,632.63,650.0,3250.0,3882.63,4853.29,0,Organic Turmeric & Indigo Lacquer,Q3 (Jul-Sep),1.15,5711.45,79.6,16,4.76
KS-CRAFT-0594,Pochampally Ikat,Telangana,Textiles,Pure Handloom Silk,7,13,3500.22,680.0,4760.0,8260.22,10325.27,1,Natural Indigo/Madder,Q2 (Apr-Jun),0.95,11908.41,76.5,18,4.79
KS-CRAFT-0595,Kullu Geometric Shawls,Himachal Pradesh,Textiles,Indigenous Himalayan Sheep Wool,6,13,1812.06,560.0,3360.0,5172.06,6465.08,1,Vegetable Dye Borders,Q4 (Oct-Dec),1.45,11324.41,100.0,21,4.82
KS-CRAFT-0596,Channapatna Lacquerware,Karnataka,Woodcraft,Seasoned Hale Wood & Vegetable Lac,1,5,269.7,650.0,650.0,919.7,1149.62,1,Natural Vegetable Resins,Q3 (Jul-Sep),1.15,1550.41,97.2,17,4.87
KS-CRAFT-0597,Ajrakh Handblock Print,Gujarat,Textiles,Organic Modal Cotton,3,25,1242.22,600.0,1800.0,3042.22,3802.77,1,16-Stage Natural Indigo & Madder,Q4 (Oct-Dec),1.45,7320.12,100.0,23,4.7
KS-CRAFT-0598,Banarasi Brocade,Uttar Pradesh,Textiles,Mulberry Silk & Zari,6,4,3651.66,620.0,3720.0,7371.66,9214.58,1,Metallic Zari & Organic Dip,Q3 (Jul-Sep),1.15,12505.72,98.8,22,4.98
KS-CRAFT-0599,Channapatna Lacquerware,Karnataka,Woodcraft,Seasoned Hale Wood & Vegetable Lac,4,23,661.59,650.0,2600.0,3261.59,4076.99,1,Natural Vegetable Resins,Q1 (Jan-Mar),1.1,5705.88,84.8,18,4.82
KS-CRAFT-0600,Dhokra Metal Casting,Chhattisgarh,Metalwork,Lost-Wax Brass & Bell Metal,11,24,1855.26,540.0,5940.0,7795.26,9744.08,1,Oxidized Brass Finish,Q3 (Jul-Sep),1.15,14380.01,93.2,20,4.66
KS-CRAFT-0601,Banarasi Brocade,Uttar Pradesh,Textiles,Mulberry Silk & Zari,9,22,3340.17,620.0,5580.0,8920.17,11150.21,0,Vegetable Dye Blend,Q2 (Apr-Jun),0.95,12233.62,69.6,18,4.93
KS-CRAFT-0602,Kashmiri Pashmina,Jammu & Kashmir,Textiles,Grade-A Changthangi Cashmere,25,7,7699.96,750.0,18750.0,26449.96,33062.45,1,Pure Natural Cashmere,Q1 (Jan-Mar),1.1,43405.17,88.1,16,5.0
KS-CRAFT-0603,Bastar Wrought Iron,Chhattisgarh,Metalwork,Hand-Forged Recycled Iron,5,23,1129.8,540.0,2700.0,3829.8,4787.25,1,Black Oxide Patina,Q3 (Jul-Sep),1.15,6954.22,94.3,22,4.59
KS-CRAFT-0604,Pochampally Ikat,Telangana,Textiles,Pure Handloom Silk,10,32,1753.68,680.0,6800.0,8553.68,10692.1,1,Vegetable Dye Blend,Q2 (Apr-Jun),0.95,14274.54,80.9,14,4.7
KS-CRAFT-0605,Kullu Geometric Shawls,Himachal Pradesh,Textiles,Indigenous Himalayan Sheep Wool,4,22,1070.85,560.0,2240.0,3310.85,4138.56,1,Vegetable Dye Borders,Q2 (Apr-Jun),0.95,4977.9,82.3,15,4.7
KS-CRAFT-0606,Jaipur Blue Pottery,Rajasthan,Pottery,"Quartz Powder, Fuller's Earth & Glass",4,19,1192.95,580.0,2320.0,3512.95,4391.19,1,Cobalt Oxide Blue Glaze,Q3 (Jul-Sep),1.15,6362.78,89.1,17,4.51
KS-CRAFT-0607,Channapatna Lacquerware,Karnataka,Woodcraft,Seasoned Hale Wood & Vegetable Lac,4,30,641.88,650.0,2600.0,3241.88,4052.35,1,Organic Turmeric & Indigo Lacquer,Q4 (Oct-Dec),1.45,7617.02,100.0,18,4.85
KS-CRAFT-0608,Channapatna Lacquerware,Karnataka,Woodcraft,Seasoned Hale Wood & Vegetable Lac,1,34,924.65,650.0,650.0,1574.65,1968.31,1,Organic Turmeric & Indigo Lacquer,Q2 (Apr-Jun),0.95,2631.57,72.6,16,4.87
KS-CRAFT-0609,Jaipur Blue Pottery,Rajasthan,Pottery,"Quartz Powder, Fuller's Earth & Glass",2,11,906.43,580.0,1160.0,2066.43,2583.04,1,Cobalt Oxide Blue Glaze,Q3 (Jul-Sep),1.15,3647.91,98.4,25,4.68
KS-CRAFT-0610,Channapatna Lacquerware,Karnataka,Woodcraft,Seasoned Hale Wood & Vegetable Lac,1,10,416.65,650.0,650.0,1066.65,1333.31,1,Natural Vegetable Resins,Q4 (Oct-Dec),1.45,2317.95,100.0,21,4.84
KS-CRAFT-0611,Dhokra Metal Casting,Chhattisgarh,Metalwork,Lost-Wax Brass & Bell Metal,7,14,1174.13,540.0,3780.0,4954.13,6192.66,1,Oxidized Brass Finish,Q4 (Oct-Dec),1.45,11092.72,100.0,23,4.57
KS-CRAFT-0612,Ajrakh Handblock Print,Gujarat,Textiles,Organic Modal Cotton,5,33,1418.62,600.0,3000.0,4418.62,5523.27,1,Pomegranate Rind Extract,Q1 (Jan-Mar),1.1,8530.03,95.7,20,4.73
KS-CRAFT-0613,Channapatna Lacquerware,Karnataka,Woodcraft,Seasoned Hale Wood & Vegetable Lac,5,6,274.37,650.0,3250.0,3524.37,4405.46,1,Organic Turmeric & Indigo Lacquer,Q1 (Jan-Mar),1.1,5655.7,88.6,20,4.83
KS-CRAFT-0614,Banarasi Brocade,Uttar Pradesh,Textiles,Mulberry Silk & Zari,12,28,3870.43,620.0,7440.0,11310.43,14138.04,0,Vegetable Dye Blend,Q2 (Apr-Jun),0.95,15159.74,73.7,18,4.82
KS-CRAFT-0615,Mithila Madhubani,Bihar,Folk Painting,Handmade Recycled Paper & Canvas,7,29,585.47,520.0,3640.0,4225.47,5281.84,1,Organic Mineral Pigments,Q4 (Oct-Dec),1.45,10554.94,100.0,26,4.67
KS-CRAFT-0616,Jaipur Blue Pottery,Rajasthan,Pottery,"Quartz Powder, Fuller's Earth & Glass",5,9,1458.28,580.0,2900.0,4358.28,5447.85,1,Copper Oxide Green Glaze,Q3 (Jul-Sep),1.15,7609.06,92.1,21,4.65
KS-CRAFT-0617,Ajrakh Handblock Print,Gujarat,Textiles,Organic Modal Cotton,8,6,641.03,600.0,4800.0,5441.03,6801.29,1,16-Stage Natural Indigo & Madder,Q4 (Oct-Dec),1.45,11950.24,100.0,18,4.65
KS-CRAFT-0618,Channapatna Lacquerware,Karnataka,Woodcraft,Seasoned Hale Wood & Vegetable Lac,5,13,307.56,650.0,3250.0,3557.56,4446.95,1,Organic Turmeric & Indigo Lacquer,Q3 (Jul-Sep),1.15,6543.31,96.5,23,4.73
KS-CRAFT-0619,Kullu Geometric Shawls,Himachal Pradesh,Textiles,Indigenous Himalayan Sheep Wool,5,23,1112.26,560.0,2800.0,3912.26,4890.33,1,Natural Unbleached Wool Hues,Q2 (Apr-Jun),0.95,5769.09,76.3,16,4.74
KS-CRAFT-0620,Kashmiri Pashmina,Jammu & Kashmir,Textiles,Grade-A Changthangi Cashmere,7,38,13507.04,750.0,5250.0,18757.04,23446.3,1,Walnut Hull & Saffron Tint,Q2 (Apr-Jun),0.95,32026.91,84.1,16,4.98
KS-CRAFT-0621,Mithila Madhubani,Bihar,Folk Painting,Handmade Recycled Paper & Canvas,5,19,856.2,520.0,2600.0,3456.2,4320.25,1,Organic Mineral Pigments,Q1 (Jan-Mar),1.1,5846.74,90.9,16,4.68
KS-CRAFT-0622,Kullu Geometric Shawls,Himachal Pradesh,Textiles,Indigenous Himalayan Sheep Wool,3,16,1204.07,560.0,1680.0,2884.07,3605.09,1,Vegetable Dye Borders,Q4 (Oct-Dec),1.45,6419.67,100.0,18,4.86
KS-CRAFT-0623,Kashmiri Pashmina,Jammu & Kashmir,Textiles,Grade-A Changthangi Cashmere,16,15,11403.73,750.0,12000.0,23403.73,29254.66,1,Pure Natural Cashmere,Q2 (Apr-Jun),0.95,35706.19,71.8,18,4.86
KS-CRAFT-0624,Kullu Geometric Shawls,Himachal Pradesh,Textiles,Indigenous Himalayan Sheep Wool,5,32,1849.23,560.0,2800.0,4649.23,5811.54,1,Vegetable Dye Borders,Q2 (Apr-Jun),0.95,7168.47,75.7,18,4.82
KS-CRAFT-0625,Jaipur Blue Pottery,Rajasthan,Pottery,"Quartz Powder, Fuller's Earth & Glass",6,9,744.66,580.0,3480.0,4224.66,5280.82,1,Cobalt Oxide Blue Glaze,Q4 (Oct-Dec),1.45,9140.25,100.0,25,4.7
KS-CRAFT-0626,Kashmiri Pashmina,Jammu & Kashmir,Textiles,Grade-A Changthangi Cashmere,7,27,6909.74,750.0,5250.0,12159.74,15199.67,1,Pure Natural Cashmere,Q1 (Jan-Mar),1.1,22415.29,85.3,21,4.81
KS-CRAFT-0627,Mithila Madhubani,Bihar,Folk Painting,Handmade Recycled Paper & Canvas,3,24,753.37,520.0,1560.0,2313.37,2891.71,1,Natural Plant Extracts (Haldi/Neel),Q3 (Jul-Sep),1.15,4150.27,96.8,20,4.62
KS-CRAFT-0628,Ajrakh Handblock Print,Gujarat,Textiles,Organic Modal Cotton,4,20,1348.82,600.0,2400.0,3748.82,4686.03,1,Pomegranate Rind Extract,Q1 (Jan-Mar),1.1,6444.27,95.0,22,4.74
KS-CRAFT-0629,Channapatna Lacquerware,Karnataka,Woodcraft,Seasoned Hale Wood & Vegetable Lac,4,23,874.87,650.0,2600.0,3474.87,4343.59,1,Natural Vegetable Resins,Q3 (Jul-Sep),1.15,6637.94,89.5,22,4.81
KS-CRAFT-0630,Kullu Geometric Shawls,Himachal Pradesh,Textiles,Indigenous Himalayan Sheep Wool,4,17,1067.52,560.0,2240.0,3307.52,4134.4,1,Vegetable Dye Borders,Q1 (Jan-Mar),1.1,5595.25,92.7,20,4.9
KS-CRAFT-0631,Kullu Geometric Shawls,Himachal Pradesh,Textiles,Indigenous Himalayan Sheep Wool,6,38,1441.74,560.0,3360.0,4801.74,6002.17,1,Vegetable Dye Borders,Q1 (Jan-Mar),1.1,8775.59,92.9,17,4.74
KS-CRAFT-0632,Dhokra Metal Casting,Chhattisgarh,Metalwork,Lost-Wax Brass & Bell Metal,6,35,2486.41,540.0,3240.0,5726.41,7158.01,1,Natural Beeswax Patina,Q3 (Jul-Sep),1.15,11327.26,100.0,22,4.59
KS-CRAFT-0633,Jaipur Blue Pottery,Rajasthan,Pottery,"Quartz Powder, Fuller's Earth & Glass",3,9,1333.49,580.0,1740.0,3073.49,3841.86,1,Cobalt Oxide Blue Glaze,Q1 (Jan-Mar),1.1,5019.88,96.3,18,4.54
KS-CRAFT-0634,Banarasi Brocade,Uttar Pradesh,Textiles,Mulberry Silk & Zari,7,32,2324.16,620.0,4340.0,6664.16,8330.2,1,Vegetable Dye Blend,Q3 (Jul-Sep),1.15,12848.44,100.0,23,4.75
KS-CRAFT-0635,Pochampally Ikat,Telangana,Textiles,Pure Handloom Silk,8,11,3663.29,680.0,5440.0,9103.29,11379.11,1,Natural Indigo/Madder,Q4 (Oct-Dec),1.45,20822.12,100.0,24,4.84
KS-CRAFT-0636,Bastar Wrought Iron,Chhattisgarh,Metalwork,Hand-Forged Recycled Iron,2,14,838.74,540.0,1080.0,1918.74,2398.43,1,Black Oxide Patina,Q4 (Oct-Dec),1.45,4146.33,100.0,19,4.64
KS-CRAFT-0637,Channapatna Lacquerware,Karnataka,Woodcraft,Seasoned Hale Wood & Vegetable Lac,1,30,458.98,650.0,650.0,1108.98,1386.22,1,Natural Vegetable Resins,Q2 (Apr-Jun),0.95,1829.34,79.3,16,4.67
KS-CRAFT-0638,Ajrakh Handblock Print,Gujarat,Textiles,Organic Modal Cotton,6,27,1268.16,600.0,3600.0,4868.16,6085.2,1,Pomegranate Rind Extract,Q2 (Apr-Jun),0.95,7311.83,77.0,16,4.6
KS-CRAFT-0639,Jaipur Blue Pottery,Rajasthan,Pottery,"Quartz Powder, Fuller's Earth & Glass",2,32,1040.34,580.0,1160.0,2200.34,2750.43,1,Cobalt Oxide Blue Glaze,Q1 (Jan-Mar),1.1,4250.16,90.4,21,4.47
KS-CRAFT-0640,Kullu Geometric Shawls,Himachal Pradesh,Textiles,Indigenous Himalayan Sheep Wool,3,33,2432.97,560.0,1680.0,4112.97,5141.21,1,Natural Unbleached Wool Hues,Q4 (Oct-Dec),1.45,10271.47,100.0,19,4.76
KS-CRAFT-0641,Kashmiri Pashmina,Jammu & Kashmir,Textiles,Grade-A Changthangi Cashmere,24,5,5227.06,750.0,18000.0,23227.06,29033.83,1,Pure Natural Cashmere,Q1 (Jan-Mar),1.1,37695.0,89.6,21,5.0
KS-CRAFT-0642,Ajrakh Handblock Print,Gujarat,Textiles,Organic Modal Cotton,7,35,722.65,600.0,4200.0,4922.65,6153.31,1,Pomegranate Rind Extract,Q3 (Jul-Sep),1.15,9351.07,89.9,19,4.57
KS-CRAFT-0643,Channapatna Lacquerware,Karnataka,Woodcraft,Seasoned Hale Wood & Vegetable Lac,5,31,756.87,650.0,3250.0,4006.87,5008.59,1,Natural Vegetable Resins,Q3 (Jul-Sep),1.15,7605.68,99.5,24,4.7
KS-CRAFT-0644,Banarasi Brocade,Uttar Pradesh,Textiles,Mulberry Silk & Zari,15,37,2657.22,620.0,9300.0,11957.22,14946.52,1,Vegetable Dye Blend,Q3 (Jul-Sep),1.15,22759.98,89.8,19,4.92
KS-CRAFT-0645,Kashmiri Pashmina,Jammu & Kashmir,Textiles,Grade-A Changthangi Cashmere,16,26,10375.74,750.0,12000.0,22375.74,27969.68,1,Pure Natural Cashmere,Q4 (Oct-Dec),1.45,54835.13,100.0,18,4.85
KS-CRAFT-0646,Pochampally Ikat,Telangana,Textiles,Pure Handloom Silk,3,12,1744.0,680.0,2040.0,3784.0,4730.0,1,Vegetable Dye Blend,Q2 (Apr-Jun),0.95,5719.73,82.6,18,4.67
KS-CRAFT-0647,Kullu Geometric Shawls,Himachal Pradesh,Textiles,Indigenous Himalayan Sheep Wool,6,10,1559.38,560.0,3360.0,4919.38,6149.23,1,Natural Unbleached Wool Hues,Q2 (Apr-Jun),0.95,7292.91,77.3,17,4.65
KS-CRAFT-0648,Kullu Geometric Shawls,Himachal Pradesh,Textiles,Indigenous Himalayan Sheep Wool,4,28,1330.7,560.0,2240.0,3570.7,4463.38,1,Natural Unbleached Wool Hues,Q2 (Apr-Jun),0.95,5393.63,82.5,17,4.75
KS-CRAFT-0649,Kullu Geometric Shawls,Himachal Pradesh,Textiles,Indigenous Himalayan Sheep Wool,3,34,1677.49,560.0,1680.0,3357.49,4196.86,1,Vegetable Dye Borders,Q3 (Jul-Sep),1.15,6384.75,88.4,15,4.79
KS-CRAFT-0650,Bastar Wrought Iron,Chhattisgarh,Metalwork,Hand-Forged Recycled Iron,4,29,1382.16,540.0,2160.0,3542.16,4427.7,1,Charcoal Forge Oxidation,Q1 (Jan-Mar),1.1,6473.98,95.8,19,4.62
